employee_number,age,gender,year_birth,marital_status,education,education_field,distance_from_home,total_working_years,num_companies_worked
162.0,51,Male,1972,Unknown,3,Other,6,11.25,7
259.0,52,Male,1971,Unknown,4,Life Sciences,1,34.0,0
319.0,42,Male,1981,Married,2,Technical Degree,4,22.0,1
1708.0,47,Female,1976,Married,4,Medical,2,11.25,3
1900.0,48,Female,1975,Unknown,3,Medical,22,11.25,3
81.0,59,Female,1964,Unknown,3,Life Sciences,25,28.0,7
387.0,42,Male,1981,Married,1,Other,1,20.0,1
999.0,41,Male,1982,Unknown,3,Other,9,21.0,2
1035.0,41,Female,1982,Unknown,1,Other,7,11.25,1
58.0,41,Female,1982,Married,3,Other,12,11.25,1
558.0,40,Female,1983,Unknown,4,Other,2,11.25,0
825.0,58,Male,1965,Single,4,Other,2,40.0,7
1712.0,45,Male,1978,Unknown,1,Other,1,25.0,3
73.0,33,Female,1990,Single,2,Life Sciences,1,15.0,1
820.0,47,Female,1976,Married,2,Other,2,11.25,1
1294.0,36,Female,1987,Single,4,Life Sciences,2,18.0,9
1774.0,34,Male,1989,Unknown,3,Life Sciences,10,15.0,1
1815.0,41,Female,1982,Divorced,1,Other,37,11.25,0
1993.0,47,Male,1976,Unknown,3,Medical,25,25.0,2
32.0,53,Female,1970,Unknown,3,Other,5,26.0,4
100.0,35,Male,1988,Single,4,Marketing,1,16.0,0
244.0,46,Female,1977,Divorced,2,Other,1,24.0,1
327.0,43,Female,1980,Married,3,Other,16,22.0,5
373.0,36,Male,1987,Married,3,Life Sciences,6,16.0,0
729.0,40,Male,1983,Married,4,Other,5,20.0,5
830.0,32,Female,1991,Married,3,Other,4,14.0,1
981.0,53,Male,1970,Divorced,2,Medical,2,22.0,6
1042.0,36,Female,1987,Single,4,Other,16,18.0,1
1080.0,46,Female,1977,Divorced,4,Life Sciences,8,11.25,8
1995.0,38,Male,1985,Married,4,Other,1,16.0,0
145.0,51,Female,1972,Single,4,Other,1,23.0,3
158.0,43,Male,1980,Married,2,Other,26,25.0,1
391.0,37,Female,1986,Single,3,Life Sciences,1,11.25,1
436.0,32,Female,1991,Married,2,Technical Degree,8,11.25,1
1527.0,46,Female,1977,Unknown,3,Life Sciences,3,23.0,8
1866.0,43,Female,1980,Married,3,Medical,6,21.0,7
2026.0,56,Male,1967,Divorced,4,Life Sciences,1,11.25,1
107.0,38,Female,1985,Unknown,3,Medical,6,17.0,7
170.0,49,Female,1974,Unknown,4,Medical,26,16.0,1
215.0,40,Male,1983,Married,4,Other,4,15.0,7
304.0,36,Male,1987,Single,2,Other,5,16.0,8
529.0,37,Female,1986,Married,5,Other,25,15.0,3
691.0,35,Male,1988,Unknown,4,Other,6,11.25,1
692.0,33,Male,1990,Divorced,3,Life Sciences,6,15.0,3
1005.0,50,Male,1973,Married,3,Other,24,22.0,3
1024.0,48,Male,1975,Single,4,Other,4,27.0,7
1039.0,44,Female,1979,Married,3,Other,28,11.25,3
1225.0,44,Male,1979,Single,4,Other,29,11.25,1
1375.0,40,Female,1983,Unknown,1,Other,25,15.0,5
1661.0,49,Female,1974,Unknown,1,Life Sciences,6,11.25,2
1668.0,38,Male,1985,Unknown,3,Life Sciences,1,19.0,7
1698.0,33,Male,1990,Unknown,3,Other,21,14.0,1
1937.0,38,Female,1985,Divorced,3,Other,8,20.0,1
2017.0,37,Female,1986,Unknown,3,Life Sciences,10,16.0,1
117.0,30,Male,1993,Married,3,Other,2,11.0,1
131.0,58,Male,1965,Single,4,Other,18,38.0,0
153.0,34,Female,1989,Single,3,Other,5,14.0,2
307.0,38,Male,1985,Divorced,3,Life Sciences,3,11.25,0
374.0,55,Male,1968,Single,3,Medical,1,37.0,0
524.0,31,Female,1992,Married,2,Other,30,13.0,1
569.0,50,Male,1973,Married,4,Life Sciences,27,28.0,0
899.0,35,Male,1988,Married,3,Technical Degree,25,11.25,3
1014.0,35,Female,1988,Divorced,4,Other,25,11.25,1
1117.0,45,Female,1978,Married,4,Life Sciences,9,15.0,1
1238.0,33,Male,1990,Married,3,Medical,9,15.0,0
1277.0,45,Female,1978,Unknown,3,Marketing,13,26.0,2
1541.0,34,Male,1989,Unknown,2,Technical Degree,7,12.0,0
1666.0,43,Male,1980,Unknown,2,Other,15,11.25,1
1696.0,34,Male,1989,Unknown,2,Medical,5,11.25,1
1805.0,38,Male,1985,Divorced,3,Other,2,13.0,5
1932.0,34,Male,1989,Married,4,Other,22,16.0,1
2016.0,32,Female,1991,Unknown,4,Other,31,14.0,1
20.0,29,Female,1994,Divorced,4,Life Sciences,21,10.0,1
184.0,30,Male,1993,Married,3,Other,9,11.25,0
206.0,45,Male,1978,Unknown,3,Life Sciences,9,20.0,8
228.0,30,Female,1993,Unknown,3,Other,5,11.25,2
239.0,30,Male,1993,Unknown,3,Other,9,12.0,1
256.0,34,Male,1989,Married,1,Other,29,10.0,1
339.0,34,Male,1989,Unknown,4,Life Sciences,39,13.0,6
406.0,35,Male,1988,Married,3,Other,16,12.0,0
429.0,39,Male,1984,Married,1,Other,10,21.0,1
444.0,39,Male,1984,Married,2,Other,7,11.25,1
452.0,45,Male,1978,Unknown,4,Other,8,12.0,9
456.0,30,Female,1993,Unknown,3,Marketing,5,10.0,1
481.0,36,Male,1987,Married,4,Medical,3,16.0,4
513.0,36,Male,1987,Married,2,Other,2,10.0,1
597.0,55,Female,1968,Single,5,Other,18,37.0,3
600.0,35,Male,1988,Unknown,3,Other,1,15.0,9
630.0,52,Male,1971,Divorced,2,Other,6,18.0,3
638.0,49,Male,1974,Unknown,4,Life Sciences,18,11.25,1
683.0,34,Male,1989,Married,5,Other,1,11.25,1
780.0,33,Male,1990,Single,4,Other,1,10.0,1
817.0,33,Male,1990,Married,3,Medical,7,11.25,0
901.0,53,Female,1970,Unknown,4,Other,23,33.0,6
944.0,49,Female,1974,Married,2,Other,8,29.0,4
984.0,35,Male,1988,Unknown,4,Other,21,11.25,6
1088.0,38,Female,1985,Married,1,Life Sciences,17,20.0,0
1124.0,46,Male,1977,Married,1,Marketing,3,11.25,3
1167.0,42,Male,1981,Single,3,Life Sciences,15,11.25,0
1184.0,34,Male,1989,Single,3,Other,1,14.0,0
1252.0,31,Female,1992,Single,3,Medical,24,10.0,1
1267.0,44,Male,1979,Married,3,Other,5,26.0,7
1278.0,55,Male,1968,Divorced,1,Other,8,11.25,1
1288.0,44,Male,1979,Divorced,2,Life Sciences,4,11.25,1
1307.0,39,Female,1984,Divorced,4,Other,13,11.25,6
1336.0,55,Female,1968,Unknown,2,Medical,2,23.0,4
1352.0,51,Male,1972,Unknown,3,Life Sciences,5,11.25,1
1360.0,58,Female,1965,Married,4,Medical,14,11.25,7
1419.0,29,Male,1994,Single,3,Other,17,11.25,1
1478.0,34,Male,1989,Single,3,Other,3,15.0,3
1480.0,42,Female,1981,Unknown,2,Other,9,12.0,1
1489.0,34,Female,1989,Single,4,Other,24,16.0,0
1520.0,54,Female,1969,Unknown,4,Medical,11,26.0,3
1535.0,34,Male,1989,Unknown,3,Other,1,11.25,1
1586.0,29,Male,1994,Single,1,Medical,3,11.25,1
1596.0,35,Male,1988,Unknown,3,Life Sciences,28,11.25,1
1667.0,35,Male,1988,Unknown,4,Other,12,13.0,3
1701.0,34,Female,1989,Married,3,Life Sciences,19,10.0,1
1706.0,43,Male,1980,Unknown,3,Other,2,10.0,1
1971.0,43,Male,1980,Married,3,Life Sciences,11,10.0,1
1976.0,42,Male,1981,Single,2,Other,23,20.0,1
1985.0,40,Female,1983,Married,3,Technical Degree,11,10.0,1
2032.0,56,Male,1967,Married,2,Technical Degree,7,14.0,8
2056.0,39,Female,1984,Unknown,1,Marketing,33,11.25,0
57.0,30,Female,1993,Unknown,2,Other,1,12.0,1
78.0,32,Male,1991,Married,3,Medical,1,9.0,1
104.0,30,Male,1993,Married,1,Life Sciences,1,11.25,1
118.0,46,Male,1977,Unknown,2,Medical,9,9.0,1
121.0,30,Female,1993,Unknown,2,Other,4,11.0,1
125.0,32,Male,1991,Single,4,Other,6,12.0,1
207.0,32,Female,1991,Single,3,Marketing,8,9.0,1
227.0,41,Male,1982,Divorced,3,Life Sciences,34,11.25,4
253.0,40,Female,1983,Unknown,1,Medical,4,21.0,1
264.0,45,Male,1978,Married,2,Other,2,22.0,9
291.0,32,Male,1991,Married,4,Other,4,14.0,1
292.0,30,Male,1993,Unknown,1,Life Sciences,1,11.25,1
306.0,37,Male,1986,Unknown,3,Other,11,11.25,1
335.0,40,Male,1983,Unknown,2,Technical Degree,24,11.25,1
420.0,32,Male,1991,Married,3,Life Sciences,7,13.0,1
421.0,38,Female,1985,Unknown,2,Life Sciences,25,11.25,3
441.0,30,Female,1993,Married,2,Other,28,11.0,1
531.0,39,Male,1984,Unknown,1,Other,1,21.0,1
549.0,60,Female,1963,Unknown,3,Life Sciences,7,33.0,5
567.0,30,Female,1993,Unknown,4,Other,22,10.0,0
581.0,31,Male,1992,Divorced,1,Other,9,11.25,1
702.0,33,Male,1990,Single,3,Life Sciences,3,11.25,1
716.0,50,Male,1973,Married,1,Medical,28,20.0,1
772.0,32,Male,1991,Unknown,4,Life Sciences,24,10.0,1
836.0,42,Male,1981,Unknown,3,Other,29,10.0,1
840.0,49,Female,1974,Married,3,Marketing,11,11.25,1
844.0,27,Male,1996,Divorced,1,Other,5,11.25,1
867.0,52,Female,1971,Married,4,Other,26,31.0,3
889.0,32,Male,1991,Unknown,2,Life Sciences,5,10.0,1
924.0,36,Male,1987,Unknown,1,Life Sciences,14,11.25,0
976.0,52,Male,1971,Married,2,Life Sciences,1,26.0,2
992.0,33,Male,1990,Single,3,Other,17,10.0,1
1002.0,45,Male,1978,Unknown,2,Life Sciences,23,9.0,1
1073.0,36,Female,1987,Unknown,5,Other,12,15.0,0
1138.0,49,Male,1974,Unknown,4,Other,8,22.0,6
1192.0,29,Female,1994,Married,1,Other,6,11.25,1
1196.0,37,Female,1986,Married,3,Life Sciences,1,14.0,1
1315.0,28,Female,1995,Married,3,Other,1,10.0,0
1324.0,31,Female,1992,Unknown,4,Other,2,10.0,1
1334.0,42,Male,1981,Unknown,1,Life Sciences,2,21.0,0
1346.0,40,Male,1983,Single,3,Life Sciences,2,9.0,1
1356.0,34,Female,1989,Single,2,Medical,15,11.25,1
1423.0,58,Female,1965,Unknown,3,Other,1,11.25,3
1459.0,31,Female,1992,Unknown,5,Other,1,11.25,1
1472.0,53,Male,1970,Single,3,Medical,2,35.0,4
1485.0,34,Male,1989,Unknown,3,Other,15,16.0,7
1543.0,37,Male,1986,Married,3,Other,13,11.25,1
1547.0,42,Male,1981,Unknown,3,Other,2,24.0,2
1553.0,45,Male,1978,Divorced,4,Other,1,11.25,1
1562.0,30,Male,1993,Married,3,Other,1,11.25,1
1582.0,38,Male,1985,Married,3,Life Sciences,14,10.0,0
1606.0,50,Male,1973,Unknown,5,Medical,20,32.0,2
1658.0,34,Female,1989,Unknown,3,Other,3,11.0,1
1665.0,54,Female,1969,Unknown,5,Other,22,36.0,3
1737.0,39,Male,1984,Married,3,Life Sciences,1,11.25,1
1790.0,36,Male,1987,Unknown,3,Life Sciences,10,15.0,7
1823.0,34,Male,1989,Unknown,2,Other,8,10.0,1
1857.0,46,Male,1977,Divorced,2,Life Sciences,2,12.0,3
1864.0,27,Female,1996,Married,1,Medical,23,11.25,1
1881.0,31,Male,1992,Divorced,3,Life Sciences,36,10.0,1
1888.0,45,Female,1978,Unknown,2,Life Sciences,25,10.0,0
1950.0,34,Male,1989,Unknown,3,Marketing,1,14.0,1
1962.0,35,Female,1988,Unknown,4,Other,7,10.0,1
1975.0,39,Male,1984,Single,4,Marketing,15,21.0,0
1986.0,40,Female,1983,Married,2,Marketing,2,11.25,3
2000.0,47,Female,1976,Married,1,Other,1,14.0,0
2.0,49,Male,1974,Married,1,Other,8,10.0,1
5.0,33,Female,1990,Married,4,Life Sciences,19,11.25,1
35.0,42,Male,1981,Unknown,4,Other,8,10.0,0
76.0,31,Male,1992,Divorced,4,Life Sciences,7,11.25,3
98.0,31,Female,1992,Single,4,Other,8,11.0,1
120.0,51,Male,1972,Unknown,4,Marketing,21,11.0,0
147.0,34,Male,1989,Unknown,3,Other,7,9.0,1
154.0,36,Female,1987,Unknown,2,Technical Degree,11,10.0,0
159.0,30,Male,1993,Divorced,3,Other,23,11.25,1
160.0,33,Male,1990,Married,2,Other,12,11.25,0
163.0,31,Male,1992,Married,4,Life Sciences,6,11.25,4
176.0,41,Male,1982,Divorced,1,Other,23,11.25,3
177.0,26,Female,1997,Unknown,1,Other,25,8.0,1
195.0,32,Male,1991,Divorced,2,Other,9,11.25,0
202.0,40,Female,1983,Divorced,3,Other,26,20.0,1
205.0,53,Male,1970,Unknown,2,Marketing,6,13.0,2
252.0,33,Female,1990,Unknown,3,Other,14,8.0,1
258.0,51,Female,1972,Single,3,Other,3,11.25,3
260.0,27,Female,1996,Single,3,Medical,9,11.25,1
267.0,37,Male,1986,Unknown,3,Life Sciences,21,11.25,1
275.0,49,Male,1974,Divorced,4,Other,18,7.0,1
293.0,27,Female,1996,Single,3,Life Sciences,20,7.0,1
302.0,45,Female,1978,Single,3,Medical,6,23.0,6
314.0,35,Female,1988,Single,3,Other,1,10.0,1
329.0,52,Male,1971,Unknown,4,Life Sciences,2,33.0,1
361.0,38,Male,1985,Unknown,2,Life Sciences,2,13.0,3
363.0,46,Female,1977,Married,3,Other,27,28.0,3
376.0,47,Male,1976,Married,4,Life Sciences,10,11.25,1
381.0,35,Female,1988,Divorced,3,Life Sciences,22,10.0,7
388.0,29,Male,1994,Single,2,Other,2,11.25,1
389.0,55,Male,1968,Married,2,Technical Degree,20,12.0,3
401.0,26,Male,1997,Single,4,Other,45,11.25,1
416.0,31,Male,1992,Unknown,3,Technical Degree,7,10.0,4
430.0,43,Female,1980,Unknown,4,Life Sciences,10,11.25,0
438.0,31,Male,1992,Unknown,3,Marketing,13,13.0,4
446.0,33,Male,1990,Unknown,3,Other,10,11.25,3
448.0,43,Female,1980,Divorced,4,Life Sciences,10,9.0,1
454.0,29,Male,1994,Unknown,4,Other,8,7.0,1
458.0,27,Female,1996,Unknown,4,Other,8,8.0,1
476.0,26,Male,1997,Unknown,3,Other,1,11.25,1
483.0,40,Female,1983,Married,4,Life Sciences,10,11.25,3
488.0,41,Male,1982,Unknown,3,Other,4,8.0,1
500.0,51,Female,1972,Unknown,2,Other,14,18.0,4
534.0,41,Male,1982,Married,3,Marketing,1,10.0,1
586.0,35,Male,1988,Unknown,3,Life Sciences,16,10.0,4
595.0,48,Female,1975,Married,5,Other,2,14.0,2
608.0,26,Female,1997,Unknown,4,Life Sciences,17,8.0,0
616.0,41,Female,1982,Single,4,Other,2,10.0,2
621.0,34,Male,1989,Single,4,Other,21,10.0,1
653.0,31,Male,1992,Divorced,4,Medical,6,13.0,4
663.0,43,Male,1980,Divorced,5,Other,9,10.0,3
682.0,53,Female,1970,Single,1,Other,1,18.0,7
710.0,29,Male,1994,Divorced,4,Life Sciences,1,10.0,1
717.0,34,Female,1989,Unknown,3,Medical,9,9.0,1
721.0,39,Female,1984,Single,4,Technical Degree,2,20.0,1
722.0,32,Male,1991,Unknown,3,Marketing,10,10.0,1
724.0,38,Female,1985,Unknown,4,Life Sciences,1,10.0,0
725.0,27,Female,1996,Married,2,Life Sciences,1,9.0,1
728.0,47,Male,1976,Single,4,Marketing,35,20.0,2
733.0,27,Male,1996,Unknown,2,Other,10,9.0,1
734.0,41,Male,1982,Unknown,3,Other,1,22.0,1
742.0,36,Female,1987,Married,3,Other,8,10.0,9
747.0,30,Male,1993,Divorced,5,Marketing,27,10.0,7
762.0,56,Male,1967,Married,3,Other,9,30.0,7
783.0,45,Male,1978,Single,2,Other,2,9.0,0
789.0,36,Male,1987,Single,4,Other,8,10.0,1
793.0,29,Female,1994,Married,3,Medical,27,11.0,4
803.0,38,Female,1985,Single,4,Life Sciences,2,17.0,6
809.0,42,Male,1981,Unknown,3,Other,8,24.0,1
823.0,36,Female,1987,Unknown,3,Other,1,11.25,0
842.0,55,Male,1968,Single,1,Medical,2,11.25,4
913.0,44,Male,1979,Unknown,2,Other,9,8.0,1
927.0,41,Female,1982,Divorced,4,Life Sciences,2,11.25,4
941.0,31,Male,1992,Unknown,4,Other,7,11.25,3
956.0,26,Male,1997,Unknown,3,Medical,28,11.25,1
966.0,32,Female,1991,Married,4,Medical,3,8.0,1
967.0,36,Male,1987,Married,1,Life Sciences,3,11.25,1
972.0,45,Male,1978,Unknown,2,Other,47,11.25,1
990.0,36,Male,1987,Divorced,4,Technical Degree,8,12.0,4
1013.0,54,Female,1969,Unknown,3,Technical Degree,17,22.0,8
1015.0,30,Female,1993,Unknown,2,Other,8,11.25,0
1018.0,26,Male,1997,Married,2,Medical,2,11.25,1
1034.0,55,Male,1968,Married,4,Medical,18,11.25,3
1046.0,32,Female,1991,Single,4,Other,29,10.0,9
1050.0,53,Female,1970,Unknown,3,Marketing,2,30.0,2
1074.0,55,Male,1968,Single,1,Other,2,11.25,7
1082.0,28,Male,1995,Single,2,Other,24,10.0,1
1097.0,28,Female,1995,Single,3,Other,10,11.25,3
1100.0,35,Male,1988,Unknown,3,Technical Degree,4,9.0,0
1101.0,33,Female,1990,Single,4,Medical,36,14.0,1
1106.0,25,Male,1998,Married,1,Technical Degree,4,7.0,1
1119.0,38,Male,1985,Unknown,4,Other,10,9.0,0
1126.0,43,Female,1980,Married,3,Life Sciences,27,18.0,8
1128.0,40,Male,1983,Unknown,3,Other,14,11.25,1
1177.0,26,Male,1997,Unknown,4,Other,3,8.0,1
1182.0,35,Male,1988,Divorced,3,Other,2,15.0,2
1201.0,53,Female,1970,Divorced,2,Medical,7,26.0,3
1218.0,35,Male,1988,Unknown,4,Life Sciences,17,15.0,3
1220.0,33,Female,1990,Unknown,3,Medical,25,11.25,1
1224.0,30,Male,1993,Divorced,4,Life Sciences,7,11.25,1
1235.0,32,Female,1991,Single,2,Life Sciences,2,10.0,4
1237.0,36,Female,1987,Divorced,3,Technical Degree,1,17.0,2
1255.0,43,Male,1980,Unknown,3,Life Sciences,3,11.25,3
1264.0,29,Female,1994,Divorced,3,Other,1,9.0,3
1283.0,59,Male,1964,Single,4,Other,24,11.25,6
1293.0,43,Female,1980,Single,4,Marketing,4,23.0,3
1295.0,44,Female,1979,Married,3,Medical,15,11.25,1
1322.0,39,Male,1984,Single,2,Other,33,11.25,0
1344.0,34,Male,1989,Unknown,3,Other,9,10.0,0
1355.0,38,Female,1985,Unknown,2,Life Sciences,2,11.0,3
1362.0,36,Female,1987,Married,3,Marketing,12,11.25,2
1369.0,35,Female,1988,Unknown,3,Other,1,10.0,0
1377.0,34,Male,1989,Unknown,3,Other,29,10.0,4
1402.0,43,Female,1980,Single,3,Medical,6,20.0,1
1408.0,42,Female,1981,Married,3,Human Resources,10,21.0,0
1417.0,26,Male,1997,Single,3,Other,7,8.0,0
1421.0,29,Female,1994,Single,1,Other,14,11.25,0
1422.0,54,Female,1969,Unknown,3,Other,1,29.0,6
1424.0,55,Male,1968,Divorced,4,Other,1,31.0,2
1457.0,46,Male,1977,Divorced,3,Marketing,9,28.0,4
1460.0,45,Male,1978,Unknown,3,Medical,20,11.25,2
1484.0,49,Male,1974,Divorced,4,Life Sciences,7,29.0,3
1497.0,29,Male,1994,Unknown,3,Other,19,10.0,1
1522.0,29,Male,1994,Single,4,Technical Degree,1,11.25,6
1544.0,29,Female,1994,Unknown,1,Other,8,9.0,3
1572.0,53,Female,1970,Married,5,Other,2,11.25,0
1608.0,44,Female,1979,Unknown,3,Medical,7,11.25,0
1611.0,45,Female,1978,Unknown,5,Other,5,10.0,1
1612.0,45,Male,1978,Unknown,3,Marketing,26,10.0,1
1615.0,34,Male,1989,Unknown,4,Other,10,9.0,1
1619.0,27,Male,1996,Divorced,3,Other,36,7.0,1
1635.0,45,Female,1978,Divorced,2,Other,2,10.0,1
1642.0,44,Male,1979,Married,5,Other,1,14.0,4
1653.0,25,Male,1998,Divorced,1,Life Sciences,2,7.0,1
1691.0,48,Female,1975,Unknown,2,Other,7,19.0,2
1693.0,26,Male,1997,Unknown,3,Medical,7,7.0,1
1703.0,44,Female,1979,Unknown,3,Life Sciences,2,11.25,1
1727.0,46,Male,1977,Single,4,Other,13,19.0,6
1728.0,35,Male,1988,Married,4,Life Sciences,27,17.0,2
1745.0,30,Female,1993,Unknown,4,Other,2,10.0,0
1754.0,30,Male,1993,Unknown,2,Marketing,15,11.25,2
1756.0,33,Female,1990,Unknown,3,Marketing,2,13.0,8
1764.0,32,Male,1991,Single,4,Other,5,12.0,2
1778.0,43,Male,1980,Unknown,3,Life Sciences,2,11.25,0
1797.0,35,Male,1988,Unknown,3,Other,27,11.25,1
1804.0,35,Male,1988,Divorced,2,Medical,2,15.0,2
1816.0,30,Female,1993,Single,3,Medical,10,9.0,9
1821.0,46,Female,1977,Married,2,Medical,19,13.0,4
1849.0,43,Male,1980,Married,4,Life Sciences,2,7.0,1
1869.0,46,Female,1977,Unknown,3,Life Sciences,10,14.0,5
1898.0,27,Female,1996,Single,2,Other,2,9.0,0
1911.0,42,Male,1981,Married,3,Medical,6,18.0,9
1927.0,28,Male,1995,Married,2,Life Sciences,1,7.0,1
1934.0,47,Male,1976,Married,4,Other,14,11.25,8
1951.0,34,Male,1989,Divorced,4,Medical,13,9.0,1
1952.0,26,Male,1997,Single,3,Medical,1,8.0,0
1965.0,27,Male,1996,Unknown,3,Other,9,11.25,1
1967.0,31,Male,1992,Unknown,4,Marketing,26,10.0,1
1979.0,31,Female,1992,Married,3,Other,10,13.0,4
2008.0,35,Male,1988,Unknown,4,Medical,9,10.0,1
2009.0,33,Female,1990,Married,2,Other,15,11.25,0
2014.0,39,Male,1984,Single,1,Life Sciences,24,11.25,7
2034.0,41,Female,1982,Married,4,Life Sciences,28,21.0,0
2035.0,34,Female,1989,Married,3,Marketing,28,8.0,1
2062.0,39,Male,1984,Unknown,1,Other,6,11.25,4
28.0,34,Female,1989,Single,4,Other,7,11.25,0
62.0,46,Male,1977,Single,4,Other,5,14.0,4
199.0,41,Male,1982,Divorced,3,Life Sciences,10,11.25,4
343.0,39,Female,1984,Single,4,Other,2,20.0,0
351.0,42,Female,1981,Divorced,3,Medical,2,10.0,0
428.0,33,Female,1990,Married,4,Other,5,12.0,6
464.0,35,Male,1988,Single,4,Technical Degree,5,17.0,0
731.0,41,Male,1982,Divorced,4,Human Resources,10,23.0,3
764.0,27,Female,1996,Unknown,3,Other,7,11.25,8
851.0,51,Female,1972,Married,4,Marketing,26,11.25,2
903.0,47,Female,1976,Unknown,2,Marketing,2,8.0,0
905.0,50,Male,1973,Divorced,4,Other,2,31.0,1
942.0,35,Female,1988,Married,1,Life Sciences,21,10.0,1
1026.0,39,Female,1984,Married,1,Other,1,11.25,1
1085.0,41,Female,1982,Unknown,2,Other,7,11.25,1
1109.0,42,Male,1981,Unknown,2,Medical,2,23.0,0
1118.0,52,Male,1971,Single,4,Life Sciences,7,18.0,7
1152.0,38,Male,1985,Unknown,3,Other,1,7.0,1
1350.0,35,Male,1988,Single,4,Life Sciences,4,11.25,1
1514.0,28,Male,1995,Married,1,Life Sciences,29,8.0,1
1523.0,44,Male,1979,Married,3,Life Sciences,28,11.25,3
1539.0,50,Male,1973,Unknown,5,Other,22,11.25,1
1588.0,39,Male,1984,Married,3,Other,6,11.0,2
1617.0,49,Female,1974,Unknown,4,Other,13,10.0,1
1719.0,45,Female,1978,Single,2,Technical Degree,28,21.0,1
1870.0,27,Female,1996,Married,3,Other,15,11.25,0
2031.0,42,Male,1981,Married,3,Other,2,24.0,5
2065.0,49,Male,1974,Married,3,Other,2,17.0,2
15.0,29,Female,1994,Single,2,Life Sciences,15,10.0,0
60.0,34,Male,1989,Unknown,4,Marketing,12,11.25,0
85.0,36,Male,1987,Single,3,Other,11,6.0,1
346.0,29,Male,1994,Unknown,3,Other,15,6.0,1
384.0,26,Female,1997,Unknown,3,Other,1,6.0,1
498.0,28,Male,1995,Single,4,Life Sciences,9,11.25,1
551.0,42,Female,1981,Married,4,Technical Degree,30,7.0,0
604.0,31,Male,1992,Unknown,1,Life Sciences,2,10.0,4
626.0,37,Male,1986,Divorced,4,Other,9,9.0,1
644.0,50,Male,1973,Married,3,Other,3,11.25,1
649.0,34,Male,1989,Unknown,2,Life Sciences,1,6.0,1
714.0,27,Female,1996,Unknown,1,Medical,3,11.25,1
781.0,25,Female,1998,Single,1,Other,42,6.0,1
804.0,34,Female,1989,Unknown,4,Other,2,6.0,1
856.0,35,Female,1988,Unknown,1,Medical,16,6.0,1
998.0,33,Female,1990,Married,4,Other,1,11.25,1
1120.0,29,Female,1994,Divorced,4,Life Sciences,28,11.0,4
1143.0,29,Female,1994,Divorced,3,Other,10,8.0,0
1251.0,31,Male,1992,Married,2,Other,11,6.0,1
1438.0,47,Male,1976,Unknown,3,Other,1,17.0,7
1574.0,32,Male,1991,Married,4,Other,1,9.0,4
1671.0,32,Male,1991,Divorced,3,Medical,2,10.0,0
94.0,29,Male,1994,Married,3,Life Sciences,2,11.25,0
112.0,56,Male,1967,Unknown,3,Other,13,37.0,4
129.0,28,Male,1995,Unknown,3,Medical,4,5.0,1
142.0,25,Male,1998,Single,3,Other,5,11.25,1
161.0,56,Female,1967,Unknown,4,Life Sciences,14,7.0,9
164.0,26,Female,1997,Married,3,Other,6,5.0,1
190.0,32,Female,1991,Unknown,3,Medical,9,11.25,7
194.0,30,Female,1993,Single,3,Life Sciences,18,11.25,1
226.0,50,Female,1973,Unknown,3,Other,11,11.25,3
231.0,32,Male,1991,Unknown,5,Life Sciences,6,8.0,3
240.0,45,Female,1978,Unknown,2,Other,4,9.0,4
262.0,43,Male,1980,Divorced,3,Other,7,7.0,4
283.0,29,Female,1994,Married,3,Marketing,27,10.0,1
308.0,31,Male,1992,Unknown,4,Medical,1,6.0,0
325.0,33,Male,1990,Married,3,Other,14,8.0,5
355.0,31,Male,1992,Unknown,2,Other,29,11.25,0
378.0,37,Male,1986,Unknown,4,Other,6,11.25,4
449.0,27,Male,1996,Unknown,1,Marketing,1,11.25,0
466.0,41,Male,1982,Single,3,Other,6,11.25,6
486.0,37,Female,1986,Unknown,3,Medical,10,11.25,6
492.0,40,Male,1983,Unknown,2,Other,22,8.0,2
505.0,55,Female,1968,Single,3,Other,2,11.25,2
510.0,26,Male,1997,Unknown,1,Other,3,11.25,0
527.0,25,Female,1998,Single,2,Other,4,5.0,1
547.0,42,Female,1981,Unknown,2,Other,12,19.0,2
548.0,30,Female,1993,Unknown,3,Life Sciences,2,11.0,2
577.0,35,Male,1988,Single,3,Life Sciences,22,11.25,0
679.0,32,Female,1991,Married,4,Other,9,6.0,1
785.0,47,Female,1976,Unknown,2,Life Sciences,27,8.0,4
861.0,30,Male,1993,Divorced,4,Life Sciences,5,10.0,9
864.0,45,Male,1978,Divorced,3,Marketing,9,18.0,4
878.0,36,Male,1987,Unknown,3,Life Sciences,8,11.25,0
895.0,31,Male,1992,Unknown,4,Other,11,11.25,3
900.0,37,Female,1986,Married,2,Medical,21,11.25,5
936.0,42,Female,1981,Unknown,2,Other,14,11.25,7
997.0,50,Male,1973,Divorced,2,Medical,1,32.0,9
1048.0,59,Male,1964,Unknown,2,Other,1,14.0,3
1071.0,56,Female,1967,Married,3,Medical,9,18.0,2
1116.0,48,Male,1975,Single,4,Other,1,11.25,2
1132.0,39,Male,1984,Single,3,Life Sciences,9,9.0,9
1171.0,42,Male,1981,Single,4,Marketing,4,11.25,7
1200.0,44,Male,1979,Single,4,Other,10,6.0,1
1202.0,29,Female,1994,Married,1,Other,15,6.0,0
1245.0,54,Female,1969,Unknown,4,Other,1,33.0,7
1280.0,46,Female,1977,Married,2,Other,4,11.25,2
1309.0,32,Male,1991,Unknown,2,Life Sciences,7,11.25,1
1374.0,34,Female,1989,Divorced,1,Other,26,5.0,1
1390.0,39,Male,1984,Married,4,Other,21,8.0,3
1395.0,33,Male,1990,Married,1,Life Sciences,41,8.0,6
1397.0,39,Male,1984,Unknown,2,Other,25,13.0,3
1409.0,52,Female,1971,Married,4,Other,8,12.0,9
1425.0,36,Female,1987,Single,4,Other,3,15.0,3
1435.0,36,Male,1987,Single,4,Life Sciences,47,10.0,1
1445.0,24,Female,1999,Married,1,Other,4,11.25,1
1469.0,28,Male,1995,Single,3,Other,5,11.25,0
1503.0,47,Female,1976,Married,3,Medical,14,11.25,3
1534.0,40,Male,1983,Single,4,Life Sciences,9,15.0,3
1546.0,45,Male,1978,Married,3,Technical Degree,49,11.25,4
1548.0,40,Male,1983,Unknown,2,Other,9,11.25,0
1598.0,40,Female,1983,Married,2,Life Sciences,14,5.0,1
1599.0,43,Male,1980,Divorced,3,Other,27,11.25,5
1609.0,30,Male,1993,Unknown,3,Other,7,6.0,1
1638.0,38,Female,1985,Unknown,2,Other,2,10.0,3
1640.0,37,Female,1986,Married,3,Other,10,8.0,1
1664.0,36,Male,1987,Divorced,2,Life Sciences,11,13.0,6
1684.0,23,Male,2000,Single,1,Medical,8,5.0,1
1704.0,35,Male,1988,Unknown,4,Other,2,6.0,0
1736.0,31,Female,1992,Single,1,Technical Degree,24,9.0,2
1782.0,38,Female,1985,Married,2,Other,6,5.0,1
1826.0,35,Male,1988,Married,4,Medical,23,6.0,0
1850.0,27,Female,1996,Single,2,Other,48,6.0,0
1909.0,41,Female,1982,Unknown,3,Other,8,14.0,5
1924.0,33,Male,1990,Single,4,Marketing,15,11.25,1
1941.0,49,Male,1974,Married,1,Life Sciences,2,28.0,3
1949.0,36,Male,1987,Unknown,4,Other,9,5.0,1
27.0,36,Male,1987,Single,4,Life Sciences,9,11.25,7
46.0,43,Female,1980,Unknown,2,Medical,2,6.0,1
52.0,33,Female,1990,Married,3,Life Sciences,18,11.25,2
68.0,44,Female,1979,Unknown,5,Marketing,1,9.0,5
79.0,38,Female,1985,Single,5,Life Sciences,29,10.0,1
80.0,50,Female,1973,Divorced,2,Medical,7,11.25,5
91.0,59,Female,1964,Single,1,Other,1,20.0,7
119.0,40,Male,1983,Married,4,Life Sciences,1,22.0,1
126.0,54,Female,1969,Unknown,4,Technical Degree,2,16.0,9
148.0,54,Female,1969,Single,3,Other,26,11.25,2
150.0,24,Male,1999,Married,1,Life Sciences,18,11.25,0
198.0,30,Male,1993,Single,1,Other,2,6.0,0
216.0,34,Female,1989,Unknown,4,Other,10,11.25,6
230.0,38,Female,1985,Single,4,Life Sciences,1,12.0,4
270.0,42,Female,1981,Divorced,2,Other,21,11.0,2
277.0,34,Male,1989,Divorced,4,Other,10,11.25,1
299.0,30,Female,1993,Unknown,4,Other,26,9.0,5
315.0,29,Male,1994,Single,1,Medical,13,4.0,1
330.0,32,Female,1991,Married,2,Other,4,11.25,2
369.0,25,Male,1998,Unknown,2,Life Sciences,5,6.0,1
386.0,53,Male,1970,Married,4,Other,3,21.0,3
390.0,26,Male,1997,Married,2,Medical,11,5.0,1
412.0,28,Male,1995,Single,2,Medical,16,9.0,0
422.0,58,Male,1965,Divorced,4,Life Sciences,1,11.25,2
434.0,27,Female,1996,Single,3,Other,5,4.0,1
450.0,54,Female,1969,Unknown,4,Life Sciences,20,20.0,3
469.0,29,Male,1994,Unknown,3,Life Sciences,2,11.25,1
491.0,50,Male,1973,Unknown,3,Other,10,20.0,6
554.0,24,Female,1999,Single,1,Technical Degree,1,6.0,1
579.0,34,Male,1989,Unknown,4,Other,2,14.0,3
592.0,36,Male,1987,Single,4,Medical,30,11.25,1
599.0,41,Male,1982,Single,2,Other,10,11.25,7
641.0,26,Male,1997,Married,2,Marketing,28,11.25,1
655.0,27,Female,1996,Divorced,4,Other,6,6.0,0
667.0,27,Male,1996,Divorced,1,Marketing,2,5.0,0
758.0,23,Male,2000,Unknown,1,Other,49,5.0,1
760.0,39,Female,1984,Unknown,3,Other,24,11.25,9
791.0,52,Male,1971,Unknown,4,Medical,19,11.25,0
796.0,26,Male,1997,Single,3,Other,8,11.25,6
799.0,54,Female,1969,Divorced,4,Other,19,11.25,9
815.0,50,Male,1973,Unknown,3,Other,2,11.25,5
827.0,42,Female,1981,Married,2,Life Sciences,1,8.0,9
865.0,32,Female,1991,Married,2,Other,8,9.0,5
894.0,42,Female,1981,Married,3,Other,3,17.0,2
983.0,38,Female,1985,Unknown,3,Other,10,6.0,1
996.0,45,Female,1978,Divorced,4,Other,1,8.0,3
1011.0,31,Female,1992,Unknown,1,Other,1,4.0,1
1019.0,22,Male,2001,Unknown,1,Life Sciences,8,4.0,1
1032.0,59,Female,1964,Unknown,3,Other,2,11.25,3
1045.0,45,Female,1978,Married,2,Other,11,26.0,3
1049.0,45,Male,1978,Unknown,4,Other,24,11.25,1
1068.0,26,Female,1997,Unknown,1,Medical,26,11.25,1
1136.0,28,Male,1995,Married,1,Other,42,11.25,0
1179.0,30,Male,1993,Married,3,Marketing,10,11.25,1
1188.0,43,Female,1980,Single,3,Other,9,7.0,8
1211.0,30,Male,1993,Divorced,4,Life Sciences,29,8.0,8
1228.0,46,Male,1977,Divorced,4,Technical Degree,2,11.25,2
1231.0,42,Male,1981,Married,5,Other,2,11.25,7
1259.0,27,Male,1996,Divorced,2,Other,4,11.25,1
1338.0,56,Male,1967,Single,4,Life Sciences,8,36.0,6
1349.0,41,Female,1982,Unknown,3,Marketing,1,11.25,0
1387.0,28,Male,1995,Married,3,Life Sciences,26,5.0,1
1401.0,52,Female,1971,Married,2,Other,28,11.25,2
1407.0,26,Male,1997,Single,1,Medical,2,5.0,0
1420.0,49,Male,1974,Unknown,2,Other,28,20.0,3
1431.0,34,Male,1989,Unknown,4,Other,1,10.0,5
1446.0,32,Male,1991,Unknown,5,Marketing,7,7.0,4
1477.0,33,Male,1990,Unknown,3,Medical,7,5.0,0
1487.0,29,Female,1994,Single,3,Other,13,7.0,5
1499.0,30,Male,1993,Unknown,3,Life Sciences,16,6.0,0
1533.0,23,Male,2000,Single,1,Life Sciences,11,5.0,0
1545.0,33,Male,1990,Unknown,3,Other,25,5.0,1
1554.0,35,Female,1988,Married,4,Other,28,6.0,0
1563.0,38,Male,1985,Unknown,4,Other,10,10.0,3
1622.0,28,Female,1995,Divorced,3,Other,27,6.0,0
1631.0,37,Male,1986,Unknown,3,Life Sciences,19,11.25,3
1646.0,24,Female,1999,Unknown,1,Technical Degree,2,6.0,1
1659.0,36,Male,1987,Unknown,3,Other,7,11.25,2
1689.0,53,Male,1970,Married,4,Medical,24,11.0,3
1700.0,37,Male,1986,Unknown,4,Other,1,6.0,1
1739.0,32,Male,1991,Married,3,Other,19,11.25,3
1768.0,42,Male,1981,Divorced,3,Medical,12,7.0,8
1772.0,41,Male,1982,Divorced,4,Life Sciences,9,5.0,1
1792.0,44,Male,1979,Unknown,2,Other,1,11.25,1
1800.0,39,Male,1984,Single,1,Medical,10,11.25,7
1822.0,40,Female,1983,Unknown,3,Other,1,12.0,4
1854.0,42,Male,1981,Married,4,Technical Degree,10,10.0,3
1882.0,34,Male,1989,Married,3,Other,4,9.0,2
1885.0,37,Male,1986,Unknown,4,Medical,7,16.0,5
1931.0,27,Male,1996,Unknown,4,Technical Degree,2,6.0,1
1945.0,35,Male,1988,Unknown,4,Other,18,11.25,0
1947.0,28,Male,1995,Single,3,Medical,16,5.0,1
1954.0,29,Male,1994,Married,3,Life Sciences,1,6.0,0
1969.0,54,Female,1969,Married,2,Other,9,9.0,3
1981.0,24,Male,1999,Single,2,Life Sciences,41,4.0,1
1997.0,38,Male,1985,Married,4,Other,6,10.0,2
1998.0,42,Male,1981,Unknown,4,Other,18,9.0,6
1999.0,41,Male,1982,Unknown,3,Life Sciences,1,11.25,3
2018.0,25,Female,1998,Unknown,2,Other,8,6.0,0
2044.0,50,Male,1973,Unknown,4,Other,1,12.0,7
2046.0,45,Female,1978,Unknown,3,Other,20,11.25,8
2052.0,35,Female,1988,Married,4,Other,1,4.0,1
2053.0,29,Male,1994,Unknown,2,Other,13,10.0,4
2068.0,34,Male,1989,Unknown,3,Other,8,11.25,2
7.0,27,Male,1996,Married,1,Other,2,6.0,9
16.0,31,Male,1992,Divorced,1,Other,26,5.0,1
18.0,34,Male,1989,Divorced,2,Other,38,3.0,0
19.0,28,Male,1995,Single,3,Life Sciences,24,6.0,5
21.0,32,Male,1991,Divorced,2,Other,5,7.0,0
24.0,38,Male,1985,Single,3,Life Sciences,2,6.0,5
26.0,24,Female,1999,Unknown,2,Other,11,5.0,0
31.0,34,Male,1989,Single,1,Other,6,11.25,2
33.0,32,Female,1991,Unknown,1,Other,16,11.25,1
38.0,46,Female,1977,Single,4,Marketing,2,22.0,3
40.0,44,Male,1979,Married,4,Other,10,11.25,2
47.0,50,Male,1973,Married,2,Other,3,3.0,1
49.0,35,Female,1988,Married,3,Marketing,2,2.0,1
65.0,28,Male,1995,Single,4,Other,5,2.0,1
72.0,26,Female,1997,Married,3,Other,22,5.0,7
88.0,35,Male,1988,Married,3,Medical,31,5.0,4
102.0,37,Male,1986,Unknown,4,Medical,20,11.25,4
103.0,46,Male,1977,Divorced,2,Medical,38,11.25,8
110.0,34,Male,1989,Married,2,Medical,1,11.25,1
116.0,51,Male,1972,Unknown,4,Other,9,10.0,3
128.0,24,Female,1999,Married,2,Other,3,4.0,0
132.0,44,Male,1979,Married,3,Other,23,11.25,4
133.0,37,Male,1986,Divorced,4,Human Resources,6,11.25,4
143.0,25,Male,1998,Married,1,Other,7,11.25,1
171.0,43,Female,1980,Single,3,Medical,26,11.25,4
175.0,31,Female,1992,Unknown,3,Other,20,4.0,3
178.0,36,Male,1987,Divorced,2,Medical,6,7.0,6
179.0,51,Male,1972,Unknown,4,Other,16,18.0,2
193.0,38,Female,1985,Unknown,5,Technical Degree,3,19.0,3
197.0,30,Female,1993,Divorced,3,Technical Degree,5,8.0,5
218.0,27,Male,1996,Unknown,3,Medical,9,11.25,6
221.0,28,Male,1995,Married,3,Medical,21,5.0,1
233.0,27,Male,1996,Unknown,3,Other,17,6.0,0
241.0,56,Female,1967,Divorced,3,Life Sciences,8,11.25,4
245.0,38,Female,1985,Single,2,Other,9,11.25,1
246.0,31,Female,1992,Unknown,1,Medical,12,7.0,8
247.0,34,Female,1989,Unknown,2,Medical,27,9.0,2
249.0,50,Male,1973,Unknown,3,Other,1,11.25,2
250.0,53,Female,1970,Divorced,2,Other,13,5.0,1
269.0,35,Female,1988,Single,3,Medical,24,11.25,5
287.0,40,Male,1983,Unknown,5,Life Sciences,10,5.0,9
288.0,46,Male,1977,Unknown,4,Other,1,17.0,7
297.0,30,Female,1993,Unknown,3,Technical Degree,3,8.0,5
303.0,54,Female,1969,Married,3,Other,3,16.0,2
305.0,33,Female,1990,Married,4,Other,4,11.25,6
316.0,52,Female,1971,Single,3,Other,2,11.25,7
332.0,39,Female,1984,Divorced,4,Medical,24,7.0,7
337.0,31,Male,1992,Divorced,4,Medical,3,11.25,9
338.0,33,Female,1990,Married,4,Life Sciences,5,2.0,1
341.0,45,Male,1978,Unknown,4,Life Sciences,23,9.0,4
347.0,42,Female,1981,Single,2,Other,17,11.25,3
349.0,29,Male,1994,Divorced,2,Marketing,19,11.25,2
350.0,25,Female,1998,Married,3,Other,1,5.0,0
362.0,32,Male,1991,Unknown,1,Other,2,9.0,4
379.0,21,Male,2002,Single,2,Other,3,11.25,1
380.0,37,Female,1986,Divorced,4,Medical,1,11.25,2
393.0,38,Male,1985,Unknown,4,Life Sciences,23,11.25,9
394.0,26,Male,1997,Divorced,4,Medical,16,11.25,2
396.0,49,Female,1974,Single,4,Life Sciences,10,11.25,9
403.0,37,Male,1986,Married,3,Medical,9,11.25,1
423.0,31,Male,1992,Married,4,Other,11,11.25,0
424.0,31,Male,1992,Unknown,3,Human Resources,2,11.25,3
433.0,52,Male,1971,Unknown,4,Medical,17,11.0,2
440.0,28,Male,1995,Married,4,Medical,2,11.25,5
447.0,47,Male,1976,Married,5,Other,5,21.0,4
455.0,29,Male,1994,Unknown,5,Other,9,4.0,0
460.0,37,Male,1986,Unknown,2,Medical,5,8.0,7
465.0,23,Male,2000,Unknown,1,Other,26,11.25,1
470.0,42,Male,1981,Divorced,1,Other,2,4.0,0
475.0,30,Female,1993,Unknown,2,Other,25,4.0,7
478.0,21,Female,2002,Single,1,Other,31,3.0,1
482.0,57,Male,1966,Unknown,4,Medical,1,11.25,2
495.0,29,Male,1994,Unknown,3,Other,17,6.0,9
501.0,36,Female,1987,Married,3,Other,2,11.25,4
502.0,34,Male,1989,Unknown,3,Marketing,19,11.25,8
507.0,24,Female,1999,Divorced,4,Marketing,10,11.25,1
517.0,42,Female,1981,Unknown,4,Other,1,8.0,3
522.0,54,Male,1969,Married,2,Medical,5,24.0,4
523.0,34,Female,1989,Married,4,Other,4,11.25,9
525.0,43,Male,1980,Unknown,3,Other,21,11.25,7
526.0,43,Female,1980,Unknown,4,Other,8,11.25,4
530.0,31,Male,1992,Married,2,Other,1,4.0,1
544.0,45,Male,1978,Married,2,Life Sciences,10,8.0,3
555.0,34,Female,1989,Unknown,2,Other,6,3.0,0
564.0,29,Male,1994,Unknown,4,Other,3,11.25,1
580.0,46,Female,1977,Unknown,3,Marketing,10,15.0,2
585.0,30,Male,1993,Single,1,Marketing,7,11.25,0
591.0,42,Male,1981,Married,2,Other,5,11.25,4
593.0,22,Male,2001,Single,1,Technical Degree,25,4.0,5
611.0,29,Male,1994,Divorced,3,Technical Degree,19,8.0,4
624.0,46,Female,1977,Married,1,Medical,18,11.25,5
631.0,32,Male,1991,Unknown,4,Other,11,11.25,8
632.0,24,Male,1999,Unknown,3,Medical,24,3.0,0
652.0,35,Male,1988,Single,2,Other,25,11.25,4
659.0,42,Female,1981,Married,4,Life Sciences,2,10.0,1
664.0,48,Female,1975,Married,4,Other,1,21.0,7
665.0,44,Female,1979,Unknown,4,Other,1,10.0,4
666.0,34,Female,1989,Unknown,3,Other,14,8.0,1
671.0,44,Male,1979,Unknown,4,Other,3,26.0,4
675.0,22,Male,2001,Married,1,Medical,6,11.25,0
686.0,26,Female,1997,Unknown,3,Other,6,11.25,1
699.0,36,Male,1987,Unknown,2,Medical,9,13.0,2
705.0,23,Male,2000,Unknown,3,Other,4,5.0,2
707.0,25,Male,1998,Unknown,3,Life Sciences,8,4.0,0
712.0,48,Male,1975,Married,1,Other,14,11.25,3
732.0,60,Male,1963,Single,4,Other,16,10.0,8
738.0,50,Male,1973,Married,4,Marketing,8,4.0,7
744.0,44,Male,1979,Single,3,Other,24,9.0,2
746.0,47,Female,1976,Divorced,3,Other,3,28.0,9
752.0,42,Male,1981,Divorced,3,Other,19,11.25,6
754.0,43,Male,1980,Married,3,Life Sciences,15,7.0,3
769.0,53,Male,1970,Single,3,Other,6,19.0,2
792.0,26,Female,1997,Unknown,2,Life Sciences,1,11.25,3
797.0,34,Female,1989,Single,4,Other,1,11.25,2
800.0,27,Male,1996,Married,1,Marketing,8,5.0,0
806.0,30,Male,1993,Married,3,Other,18,7.0,3
813.0,52,Female,1971,Unknown,4,Life Sciences,25,9.0,8
819.0,33,Female,1990,Single,3,Marketing,16,11.25,5
838.0,34,Female,1989,Single,4,Other,16,6.0,1
847.0,34,Male,1989,Unknown,2,Other,3,4.0,0
852.0,44,Male,1979,Single,3,Other,4,10.0,9
859.0,32,Male,1991,Divorced,4,Life Sciences,13,8.0,2
872.0,22,Male,2001,Unknown,2,Life Sciences,1,4.0,6
874.0,44,Male,1979,Unknown,4,Life Sciences,8,10.0,2
881.0,35,Female,1988,Divorced,4,Life Sciences,25,10.0,1
885.0,25,Male,1998,Unknown,1,Other,4,5.0,1
888.0,24,Male,1999,Unknown,1,Life Sciences,19,11.25,0
893.0,38,Male,1985,Unknown,3,Marketing,9,3.0,0
896.0,29,Female,1994,Unknown,3,Medical,1,5.0,6
902.0,43,Female,1980,Married,3,Life Sciences,1,12.0,4
916.0,28,Male,1995,Single,4,Medical,5,4.0,1
922.0,20,Female,2003,Single,3,Other,2,2.0,1
925.0,47,Female,1976,Single,4,Life Sciences,2,3.0,1
930.0,28,Female,1995,Divorced,3,Medical,9,6.0,5
939.0,33,Male,1990,Single,4,Other,1,11.25,3
975.0,35,Female,1988,Unknown,3,Other,48,5.0,1
991.0,31,Male,1992,Single,2,Medical,9,4.0,0
995.0,33,Female,1990,Single,1,Life Sciences,13,5.0,3
1001.0,27,Female,1996,Married,4,Other,24,4.0,9
1010.0,35,Male,1988,Divorced,4,Other,14,5.0,1
1017.0,30,Female,1993,Unknown,3,Other,5,4.0,0
1022.0,48,Male,1975,Unknown,3,Other,6,19.0,2
1027.0,27,Female,1996,Unknown,4,Other,2,11.25,0
1028.0,35,Male,1988,Unknown,3,Other,10,3.0,1
1037.0,26,Male,1997,Single,2,Medical,29,11.25,8
1044.0,33,Female,1990,Unknown,1,Life Sciences,8,11.25,0
1053.0,26,Male,1997,Married,3,Life Sciences,2,6.0,6
1069.0,46,Male,1977,Unknown,4,Medical,47,23.0,9
1077.0,20,Female,2003,Single,3,Marketing,9,2.0,1
1084.0,30,Male,1993,Married,3,Other,20,7.0,0
1094.0,27,Male,1996,Married,5,Other,8,3.0,1
1096.0,55,Male,1968,Married,1,Other,2,23.0,3
1099.0,33,Male,1990,Unknown,3,Life Sciences,5,11.25,4
1102.0,28,Male,1995,Unknown,2,Life Sciences,15,4.0,1
1103.0,34,Male,1989,Unknown,1,Life Sciences,3,11.25,0
1108.0,33,Male,1990,Single,3,Medical,25,5.0,4
1114.0,33,Female,1990,Married,3,Life Sciences,7,4.0,0
1131.0,21,Female,2002,Single,1,Other,1,2.0,1
1135.0,31,Male,1992,Married,3,Other,20,3.0,0
1140.0,34,Male,1989,Single,2,Other,2,11.25,2
1157.0,33,Female,1990,Single,4,Other,9,6.0,0
1160.0,31,Male,1992,Unknown,3,Medical,15,11.25,1
1161.0,37,Female,1986,Unknown,2,Other,25,9.0,7
1162.0,27,Male,1996,Married,3,Other,6,4.0,1
1185.0,35,Male,1988,Married,4,Other,4,2.0,1
1195.0,45,Female,1978,Unknown,3,Medical,7,11.25,4
1217.0,46,Male,1977,Unknown,2,Life Sciences,15,25.0,5
1234.0,32,Female,1991,Married,3,Other,13,2.0,1
1286.0,28,Male,1995,Single,4,Medical,1,11.25,0
1291.0,35,Male,1988,Married,1,Life Sciences,6,4.0,0
1301.0,28,Male,1995,Single,3,Technical Degree,1,5.0,2
1303.0,25,Female,1998,Single,3,Medical,1,11.25,1
1308.0,58,Male,1965,Unknown,4,Life Sciences,23,11.25,1
1311.0,30,Female,1993,Married,3,Technical Degree,6,10.0,0
1317.0,50,Female,1973,Married,3,Life Sciences,46,11.25,4
1329.0,41,Male,1982,Single,2,Medical,10,19.0,1
1331.0,31,Female,1992,Unknown,3,Other,1,11.25,1
1333.0,44,Male,1979,Unknown,3,Life Sciences,3,10.0,4
1358.0,25,Male,1998,Married,1,Medical,19,11.25,3
1361.0,40,Male,1983,Unknown,4,Life Sciences,1,7.0,3
1371.0,27,Male,1996,Single,1,Life Sciences,2,11.25,3
1380.0,35,Female,1988,Married,4,Marketing,18,5.0,0
1389.0,31,Male,1992,Married,4,Other,22,10.0,1
1392.0,41,Female,1982,Unknown,3,Other,22,12.0,3
1396.0,32,Male,1991,Married,1,Marketing,2,4.0,0
1403.0,27,Female,1996,Married,3,Marketing,10,11.25,1
1405.0,27,Female,1996,Single,4,Life Sciences,22,8.0,1
1411.0,37,Female,1986,Single,3,Medical,11,8.0,4
1412.0,35,Male,1988,Unknown,2,Life Sciences,18,10.0,2
1415.0,25,Male,1998,Unknown,3,Other,1,7.0,4
1428.0,30,Female,1993,Divorced,4,Marketing,7,11.25,7
1436.0,36,Female,1987,Unknown,4,Marketing,16,11.0,4
1439.0,25,Male,1998,Unknown,2,Other,9,6.0,3
1441.0,56,Female,1967,Unknown,2,Life Sciences,1,5.0,2
1448.0,41,Male,1982,Unknown,5,Medical,5,7.0,2
1464.0,31,Male,1992,Unknown,3,Life Sciences,2,7.0,6
1466.0,48,Male,1975,Divorced,3,Marketing,7,11.25,4
1467.0,34,Female,1989,Married,4,Other,9,2.0,1
1471.0,44,Male,1979,Single,3,Life Sciences,5,7.0,3
1473.0,49,Male,1974,Married,4,Other,5,20.0,2
1475.0,44,Male,1979,Unknown,3,Life Sciences,20,6.0,1
1486.0,28,Male,1995,Married,3,Other,1,5.0,3
1507.0,28,Male,1995,Single,3,Life Sciences,7,5.0,0
1509.0,49,Female,1974,Married,2,Medical,45,10.0,4
1513.0,29,Female,1994,Unknown,1,Life Sciences,2,11.25,0
1516.0,32,Male,1991,Unknown,3,Other,10,10.0,2
1537.0,31,Female,1992,Unknown,3,Life Sciences,3,7.0,1
1552.0,40,Male,1983,Divorced,2,Life Sciences,43,8.0,3
1560.0,33,Male,1990,Unknown,4,Life Sciences,8,11.25,2
1568.0,30,Male,1993,Married,4,Other,14,9.0,3
1573.0,38,Male,1985,Married,3,Medical,2,11.25,4
1576.0,48,Female,1975,Married,4,Other,15,11.25,8
1580.0,34,Male,1989,Unknown,4,Other,1,11.25,9
1583.0,38,Female,1985,Single,3,Life Sciences,16,8.0,2
1587.0,35,Female,1988,Single,4,Other,10,11.25,3
1592.0,23,Male,2000,Married,3,Other,10,4.0,2
1594.0,36,Male,1987,Unknown,4,Other,6,9.0,3
1597.0,34,Male,1989,Unknown,4,Other,36,8.0,1
1607.0,32,Female,1991,Married,4,Other,5,6.0,3
1623.0,21,Male,2002,Single,1,Medical,19,11.25,1
1641.0,40,Female,1983,Unknown,3,Other,16,18.0,6
1644.0,48,Male,1975,Unknown,5,Other,4,11.25,2
1645.0,35,Male,1988,Unknown,2,Medical,10,11.25,6
1647.0,27,Female,1996,Unknown,3,Medical,8,5.0,7
1648.0,27,Male,1996,Single,3,Medical,2,11.25,2
1651.0,36,Female,1987,Married,4,Life Sciences,5,9.0,4
1655.0,49,Female,1974,Married,4,Other,22,27.0,3
1657.0,20,Female,2003,Single,3,Medical,13,2.0,1
1662.0,36,Female,1987,Unknown,4,Other,1,4.0,0
1670.0,33,Male,1990,Unknown,4,Other,2,6.0,1
1674.0,49,Female,1974,Divorced,3,Medical,16,17.0,4
1682.0,36,Male,1987,Married,4,Other,26,10.0,6
1683.0,44,Female,1979,Unknown,3,Other,1,8.0,4
1694.0,55,Male,1968,Divorced,3,Technical Degree,12,8.0,5
1702.0,23,Male,2000,Divorced,3,Life Sciences,7,3.0,1
1721.0,31,Male,1992,Married,4,Life Sciences,2,6.0,1
1722.0,41,Male,1982,Married,3,Human Resources,4,11.25,6
1733.0,36,Male,1987,Unknown,5,Marketing,13,16.0,5
1735.0,23,Female,2000,Single,1,Other,4,3.0,1
1746.0,24,Male,1999,Married,3,Medical,35,3.0,0
1751.0,27,Female,1996,Unknown,3,Other,48,6.0,1
1753.0,29,Male,1994,Unknown,3,Other,1,10.0,8
1787.0,37,Male,1986,Unknown,2,Marketing,9,11.25,1
1801.0,46,Male,1977,Unknown,2,Life Sciences,26,6.0,8
1813.0,43,Male,1980,Unknown,3,Other,9,11.25,4
1814.0,41,Male,1982,Single,3,Other,35,11.25,3
1833.0,31,Female,1992,Unknown,4,Other,7,9.0,2
1834.0,28,Female,1995,Unknown,3,Medical,1,11.25,1
1835.0,38,Female,1985,Unknown,4,Other,2,20.0,2
1837.0,58,Male,1965,Married,4,Life Sciences,15,23.0,2
1844.0,29,Male,1994,Divorced,3,Other,13,11.25,4
1856.0,47,Female,1976,Single,4,Life Sciences,9,11.25,4
1858.0,28,Male,1995,Unknown,2,Life Sciences,1,3.0,1
1873.0,55,Male,1968,Unknown,4,Other,2,11.25,8
1883.0,29,Male,1994,Single,3,Life Sciences,7,11.25,3
1886.0,35,Female,1988,Married,2,Other,16,4.0,0
1905.0,34,Male,1989,Unknown,4,Technical Degree,16,11.25,1
1907.0,56,Male,1967,Single,2,Other,24,5.0,1
1908.0,36,Male,1987,Unknown,2,Marketing,17,11.25,2
1922.0,45,Male,1978,Single,4,Medical,1,12.0,4
1929.0,39,Female,1984,Unknown,4,Other,21,10.0,6
1948.0,31,Male,1992,Divorced,2,Other,3,4.0,1
1972.0,38,Male,1985,Unknown,4,Other,1,11.25,0
1980.0,54,Female,1969,Single,3,Other,10,9.0,6
1982.0,23,Male,2000,Single,2,Other,12,11.25,1
1992.0,25,Male,1998,Unknown,1,Other,2,11.25,6
1996.0,31,Male,1992,Unknown,2,Life Sciences,2,11.25,0
2003.0,35,Male,1988,Married,4,Medical,11,11.25,7
2007.0,22,Male,2001,Unknown,2,Other,1,11.25,0
2010.0,32,Female,1991,Single,4,Other,29,6.0,1
2027.0,29,Male,1994,Married,4,Other,38,4.0,9
2038.0,32,Male,1991,Unknown,3,Technical Degree,2,11.25,1
2048.0,40,Male,1983,Unknown,4,Other,2,8.0,2
2055.0,50,Male,1973,Unknown,3,Marketing,40,20.0,4
2060.0,26,Female,1997,Single,3,Other,5,11.25,0
2061.0,36,Male,1987,Unknown,2,Medical,23,17.0,4
2064.0,27,Male,1996,Unknown,3,Life Sciences,4,6.0,1
39.0,33,Male,1990,Unknown,3,Medical,2,7.0,4
51.0,36,Female,1987,Married,4,Life Sciences,5,11.25,9
95.0,31,Male,1992,Single,4,Medical,1,1.0,1
169.0,22,Male,2001,Unknown,1,Technical Degree,2,3.0,0
224.0,27,Male,1996,Divorced,3,Other,3,1.0,1
242.0,33,Male,1990,Unknown,3,Life Sciences,2,4.0,0
286.0,36,Female,1987,Single,1,Other,18,8.0,1
340.0,37,Female,1986,Unknown,2,Medical,18,11.25,2
431.0,49,Female,1974,Unknown,2,Technical Degree,45,11.25,7
496.0,35,Male,1988,Single,4,Other,9,11.25,9
511.0,22,Female,2001,Married,3,Medical,11,2.0,1
612.0,33,Female,1990,Unknown,5,Other,1,10.0,4
650.0,31,Male,1992,Divorced,4,Medical,13,11.25,2
684.0,45,Female,1978,Unknown,4,Other,26,5.0,2
730.0,53,Male,1970,Married,3,Other,7,32.0,3
757.0,34,Female,1989,Unknown,2,Other,8,10.0,3
869.0,28,Male,1995,Divorced,2,Medical,8,6.0,1
875.0,42,Male,1981,Single,1,Other,2,8.0,5
964.0,40,Male,1983,Unknown,4,Other,9,3.0,8
970.0,37,Male,1986,Married,4,Life Sciences,1,11.25,5
1006.0,38,Male,1985,Married,1,Other,10,3.0,0
1055.0,34,Female,1989,Married,4,Life Sciences,10,1.0,1
1061.0,50,Male,1973,Married,4,Medical,12,29.0,2
1107.0,26,Male,1997,Unknown,3,Other,21,1.0,1
1180.0,40,Female,1983,Married,2,Medical,29,16.0,3
1193.0,19,Male,2004,Single,2,Other,47,1.0,1
1226.0,20,Male,2003,Single,3,Marketing,21,2.0,1
1254.0,59,Female,1964,Single,3,Other,3,13.0,5
1321.0,30,Female,1993,Unknown,4,Medical,17,11.25,1
1465.0,45,Male,1978,Married,3,Other,29,11.25,4
1479.0,30,Male,1993,Unknown,1,Life Sciences,42,4.0,8
1551.0,24,Male,1999,Unknown,2,Technical Degree,24,11.25,0
1555.0,32,Female,1991,Married,2,Life Sciences,5,12.0,3
1604.0,28,Male,1995,Married,3,Medical,24,11.25,1
1757.0,49,Female,1974,Single,4,Other,11,8.0,3
1760.0,38,Female,1985,Married,2,Medical,2,9.0,4
1789.0,46,Male,1977,Unknown,4,Other,2,24.0,7
1807.0,34,Male,1989,Unknown,4,Life Sciences,9,11.25,4
1812.0,39,Male,1984,Unknown,3,Life Sciences,20,7.0,2
1818.0,26,Female,1997,Married,2,Other,20,6.0,0
1830.0,54,Female,1969,Married,4,Medical,7,14.0,4
1890.0,36,Male,1987,Unknown,1,Other,2,10.0,1
1939.0,32,Female,1991,Unknown,2,Other,5,8.0,3
1994.0,33,Male,1990,Divorced,2,Medical,1,11.25,1
4.0,37,Male,1986,Single,2,Other,2,7.0,6
10.0,59,Female,1964,Unknown,3,Medical,3,12.0,4
30.0,21,Male,2002,Single,2,Other,15,0.0,1
41.0,30,Male,1993,Unknown,2,Medical,9,10.0,1
42.0,39,Male,1984,Married,3,Technical Degree,18,19.0,3
53.0,35,Male,1988,Divorced,2,Other,4,1.0,1
54.0,27,Female,1996,Divorced,4,Life Sciences,2,11.25,1
55.0,26,Male,1997,Single,3,Life Sciences,25,1.0,1
64.0,48,Male,1975,Unknown,2,Other,1,11.25,9
70.0,35,Male,1988,Married,2,Medical,11,10.0,2
84.0,55,Female,1968,Divorced,3,Other,8,21.0,2
97.0,36,Female,1987,Unknown,3,Life Sciences,6,11.25,3
106.0,55,Male,1968,Married,2,Other,1,11.25,3
113.0,23,Male,2000,Divorced,1,Technical Degree,2,11.25,3
137.0,20,Female,2003,Single,3,Life Sciences,6,11.25,1
139.0,37,Male,1986,Divorced,2,Life Sciences,2,17.0,5
144.0,22,Female,2001,Single,3,Other,15,11.25,1
155.0,36,Female,1987,Divorced,2,Life Sciences,3,11.25,5
167.0,19,Male,2004,Single,1,Marketing,22,0.0,1
200.0,41,Male,1982,Unknown,4,Life Sciences,9,7.0,2
201.0,19,Female,2004,Single,1,Other,18,1.0,1
211.0,51,Male,1972,Married,4,Other,7,10.0,2
214.0,58,Female,1965,Married,3,Other,9,9.0,4
243.0,19,Male,2004,Single,3,Life Sciences,2,1.0,1
271.0,38,Male,1985,Unknown,4,Other,38,14.0,9
282.0,38,Male,1985,Married,1,Medical,29,17.0,7
309.0,59,Male,1964,Married,3,Life Sciences,3,7.0,3
323.0,50,Female,1973,Divorced,4,Medical,1,11.25,3
334.0,41,Male,1982,Divorced,2,Life Sciences,19,17.0,2
342.0,37,Male,1986,Unknown,3,Medical,10,17.0,6
364.0,28,Male,1995,Single,4,Life Sciences,2,5.0,2
367.0,31,Male,1992,Unknown,3,Medical,23,10.0,0
392.0,44,Male,1979,Unknown,3,Life Sciences,12,19.0,3
397.0,36,Male,1987,Single,3,Technical Degree,3,10.0,4
407.0,36,Male,1987,Married,4,Life Sciences,18,4.0,4
445.0,39,Female,1984,Married,2,Other,3,12.0,4
468.0,42,Female,1981,Single,5,Other,23,16.0,2
471.0,32,Female,1991,Married,3,Other,2,8.0,1
473.0,48,Female,1975,Married,1,Medical,29,15.0,3
477.0,42,Male,1981,Unknown,4,Other,2,11.25,3
479.0,36,Female,1987,Unknown,5,Medical,1,11.25,4
485.0,33,Female,1990,Single,3,Marketing,5,1.0,1
487.0,46,Female,1977,Married,4,Medical,7,7.0,2
494.0,21,Female,2002,Single,3,Life Sciences,12,1.0,1
508.0,30,Male,1993,Unknown,1,Technical Degree,2,11.25,1
514.0,30,Male,1993,Single,3,Other,4,3.0,9
518.0,32,Male,1986,Single,4,Other,10,18.0,2
556.0,38,Male,1985,Married,2,Other,2,11.25,1
566.0,19,Male,2004,Single,2,Technical Degree,2,1.0,1
568.0,57,Male,1966,Divorced,3,Other,29,11.25,3
614.0,18,Male,2005,Unknown,3,Marketing,5,11.25,1
615.0,40,Male,1983,Unknown,3,Other,28,20.0,3
622.0,26,Male,1997,Single,3,Other,24,1.0,1
643.0,24,Male,1999,Married,2,Other,17,1.0,1
648.0,30,Male,1993,Married,4,Other,12,1.0,1
656.0,37,Male,1986,Married,3,Marketing,2,11.25,4
657.0,20,Female,2003,Unknown,3,Life Sciences,1,1.0,1
661.0,43,Male,1980,Divorced,4,Other,14,21.0,4
662.0,38,Female,1985,Unknown,1,Life Sciences,27,8.0,3
690.0,29,Female,1994,Unknown,2,Medical,44,11.25,1
701.0,20,Male,2003,Single,1,Medical,10,11.25,1
704.0,35,Male,1988,Married,3,Other,20,1.0,1
715.0,37,Male,1986,Single,2,Life Sciences,10,11.25,3
743.0,38,Female,1985,Single,3,Other,1,10.0,4
749.0,29,Male,1994,Single,3,Other,10,1.0,1
773.0,38,Male,1985,Married,5,Medical,2,11.25,6
775.0,34,Female,1989,Unknown,5,Life Sciences,8,11.25,3
811.0,23,Male,2000,Unknown,3,Life Sciences,6,1.0,1
812.0,24,Male,1999,Divorced,3,Life Sciences,9,11.25,1
816.0,29,Female,1994,Married,2,Life Sciences,1,1.0,1
832.0,40,Male,1983,Unknown,4,Medical,16,10.0,6
833.0,30,Female,1993,Single,3,Other,2,12.0,5
834.0,45,Female,1978,Unknown,3,Other,2,1.0,1
897.0,53,Male,1970,Married,3,Marketing,8,28.0,5
904.0,37,Male,1986,Single,2,Other,19,11.25,1
911.0,32,Male,1991,Unknown,4,Other,25,1.0,1
918.0,58,Male,1965,Divorced,1,Other,2,3.0,9
923.0,21,Female,2002,Single,1,Other,18,11.25,1
934.0,34,Male,1989,Unknown,3,Life Sciences,48,1.0,1
940.0,58,Female,1965,Divorced,3,Other,5,24.0,2
945.0,48,Male,1975,Married,4,Medical,20,13.0,4
951.0,32,Female,1991,Married,3,Life Sciences,1,5.0,6
952.0,25,Male,1998,Married,2,Marketing,19,11.25,1
954.0,40,Male,1983,Divorced,4,Marketing,10,11.0,2
959.0,19,Male,2004,Single,3,Other,21,1.0,1
986.0,40,Female,1983,Single,3,Other,24,22.0,4
994.0,29,Female,1994,Single,3,Other,10,3.0,6
1003.0,47,Female,1976,Single,2,Life Sciences,18,9.0,1
1012.0,18,Male,2005,Unknown,2,Other,5,11.25,1
1029.0,42,Male,1981,Unknown,2,Other,5,21.0,6
1033.0,37,Female,1986,Unknown,2,Medical,11,15.0,5
1052.0,36,Male,1987,Divorced,3,Other,15,9.0,7
1056.0,28,Male,1995,Married,1,Medical,10,11.25,1
1076.0,43,Male,1980,Unknown,3,Other,25,18.0,5
1079.0,21,Female,2002,Single,3,Other,10,1.0,1
1081.0,51,Male,1972,Married,4,Other,4,18.0,9
1105.0,37,Female,1986,Divorced,4,Other,10,8.0,2
1111.0,28,Male,1995,Divorced,3,Medical,1,11.25,1
1113.0,50,Male,1973,Single,4,Other,1,5.0,3
1115.0,34,Male,1989,Unknown,4,Other,3,6.0,3
1125.0,38,Male,1985,Single,2,Marketing,2,11.25,7
1156.0,18,Male,2005,Single,1,Other,8,11.25,1
1158.0,41,Male,1982,Unknown,4,Other,12,6.0,3
1172.0,35,Male,1988,Unknown,4,Medical,1,11.25,6
1190.0,32,Female,1991,Unknown,1,Other,2,1.0,1
1206.0,44,Male,1979,Single,3,Other,26,6.0,2
1210.0,41,Male,1982,Unknown,2,Life Sciences,5,5.0,6
1242.0,42,Female,1981,Married,5,Medical,26,11.25,3
1256.0,49,Male,1974,Married,2,Medical,4,23.0,2
1258.0,48,Male,1975,Single,2,Technical Degree,2,7.0,5
1260.0,29,Male,1994,Unknown,3,Other,7,6.0,1
1263.0,48,Male,1975,Single,3,Life Sciences,1,11.25,6
1269.0,19,Female,2004,Single,3,Life Sciences,25,1.0,1
1270.0,23,Male,2000,Unknown,2,Other,1,1.0,1
1273.0,25,Male,1998,Single,1,Other,32,1.0,1
1306.0,45,Female,1978,Unknown,3,Medical,25,22.0,3
1364.0,27,Female,1996,Married,3,Medical,11,5.0,8
1368.0,18,Female,2005,Single,3,Other,1,0.0,1
1379.0,31,Female,1992,Single,3,Other,2,3.0,7
1427.0,31,Female,1992,Single,4,Life Sciences,1,11.25,1
1433.0,31,Female,1992,Unknown,3,Life Sciences,8,11.25,1
1434.0,27,Male,1996,Married,1,Life Sciences,11,6.0,0
1458.0,39,Female,1984,Single,3,Other,2,11.0,2
1481.0,44,Female,1979,Married,5,Marketing,1,11.0,7
1482.0,30,Male,1993,Unknown,3,Other,25,1.0,1
1494.0,24,Male,1999,Unknown,3,Other,9,11.25,2
1504.0,28,Male,1995,Single,2,Medical,2,8.0,7
1515.0,33,Male,1990,Unknown,5,Other,8,14.0,2
1525.0,39,Female,1984,Single,3,Other,6,9.0,4
1542.0,42,Male,1981,Married,3,Medical,2,11.25,4
1558.0,29,Male,1994,Married,3,Other,9,11.25,6
1564.0,35,Male,1988,Unknown,3,Other,1,11.25,1
1577.0,34,Male,1989,Single,4,Medical,13,11.25,1
1581.0,26,Female,1997,Unknown,3,Other,3,1.0,1
1591.0,50,Male,1973,Married,3,Marketing,24,11.25,4
1601.0,35,Male,1988,Unknown,2,Life Sciences,7,11.25,1
1602.0,46,Male,1977,Unknown,4,Life Sciences,1,27.0,1
1624.0,18,Female,2005,Single,2,Medical,3,0.0,1
1669.0,29,Male,1994,Divorced,3,Other,5,10.0,1
1673.0,31,Female,1992,Unknown,4,Life Sciences,5,10.0,1
1678.0,41,Male,1982,Single,2,Other,23,21.0,3
1697.0,60,Male,1963,Divorced,4,Other,1,19.0,3
1714.0,24,Male,1999,Married,1,Other,22,1.0,1
1724.0,40,Female,1983,Unknown,2,Life Sciences,8,18.0,2
1731.0,47,Male,1976,Unknown,4,Marketing,2,4.0,7
1744.0,45,Female,1978,Married,3,Life Sciences,41,9.0,4
1755.0,34,Male,1989,Married,4,Other,2,6.0,0
1758.0,33,Female,1990,Unknown,3,Other,16,11.25,2
1761.0,31,Male,1992,Married,4,Other,16,11.25,2
1763.0,30,Male,1993,Married,3,Other,16,10.0,3
1766.0,38,Male,1985,Married,3,Medical,18,11.25,3
1783.0,22,Female,2001,Unknown,1,Medical,45,1.0,1
1839.0,18,Female,2005,Single,3,Other,14,0.0,1
1842.0,31,Male,1992,Married,5,Human Resources,18,2.0,0
1847.0,36,Female,1987,Unknown,4,Other,2,11.25,4
1853.0,32,Male,1991,Unknown,4,Marketing,10,11.25,8
1860.0,42,Male,1981,Unknown,3,Other,8,11.25,4
1865.0,29,Male,1994,Married,1,Other,6,11.25,1
1875.0,28,Female,1995,Unknown,3,Medical,3,1.0,1
1876.0,30,Male,1993,Unknown,3,Other,9,11.25,1
1893.0,26,Female,1997,Unknown,2,Life Sciences,1,1.0,1
1903.0,44,Male,1979,Unknown,4,Other,1,10.0,2
1928.0,29,Male,1994,Single,3,Technical Degree,24,1.0,1
1933.0,28,Female,1995,Unknown,2,Marketing,13,6.0,3
1935.0,56,Female,1967,Married,5,Other,11,11.25,4
1936.0,39,Male,1984,Married,2,Other,9,10.0,1
1938.0,58,Female,1965,Unknown,3,Other,21,11.25,4
1943.0,42,Male,1981,Divorced,4,Marketing,12,14.0,3
1944.0,27,Female,1996,Married,3,Other,22,11.25,1
1961.0,38,Male,1985,Single,3,Other,1,20.0,4
1966.0,32,Male,1991,Unknown,4,Life Sciences,5,11.25,8
1974.0,31,Female,1992,Unknown,1,Medical,2,11.25,1
2012.0,40,Male,1983,Married,4,Other,44,8.0,8
2023.0,23,Male,2000,Married,3,Other,9,11.25,1
2040.0,35,Female,1988,Single,4,Life Sciences,26,11.25,1
