employee_number,employee_count,job_role,department,job_level,training_times_last_year,remote_work,standard_hours,over_time,years_at_company,years_since_last_promotion,years_with_curr_manager,attrition
162.0,1,Research Director,Research & Development,5,5,Yes,40,No,20,15,15,No
259.0,1,Manager,Research & Development,5,5,Yes,40,No,33,11,9,No
319.0,1,Manager,Research & Development,5,3,Yes,40,No,22,11,15,No
1708.0,1,Research Director,Research & Development,4,2,No,40,No,20,5,6,No
1900.0,1,Manager,Research & Development,4,3,Yes,40,No,22,4,7,No
81.0,1,Sales Executive,Sales,3,3,Yes,40,No,21,7,9,No
387.0,1,Sales Executive,Sales,2,3,No,40,No,20,11,6,No
999.0,1,Research Director,Research & Development,5,2,No,40,No,18,0,11,No
1035.0,1,Research Director,Research & Development,5,3,No,40,No,21,5,10,No
58.0,1,Research Director,Research & Development,5,0,No,40,No,22,15,8,Yes
558.0,1,Manager,Research & Development,5,2,No,40,No,20,1,12,No
825.0,1,Research Director,Research & Development,5,2,No,40,Yes,31,13,8,Yes
1712.0,1,Healthcare Representative,Research & Development,3,3,No,40,No,23,14,4,No
73.0,1,Research Director,Research & Development,3,1,Yes,40,Yes,15,8,12,No
820.0,1,Manager,Research & Development,4,3,No,40,No,26,3,0,No
1294.0,1,Manufacturing Director,Research & Development,2,2,No,40,Yes,16,5,12,No
1774.0,1,Sales Executive,Sales,2,3,Yes,40,Yes,15,0,7,No
1815.0,1,Sales Executive,Sales,3,3,Yes,40,No,22,13,5,No
1993.0,1,Healthcare Representative,Research & Development,3,3,Yes,40,No,17,12,11,No
32.0,1,Manager,Research & Development,5,3,Yes,40,No,14,4,8,No
100.0,1,Sales Executive,Sales,2,2,No,40,No,15,2,8,No
244.0,1,Sales Executive,Sales,3,2,Yes,40,No,24,15,7,No
327.0,1,Manager,Research & Development,4,3,Yes,40,No,17,1,9,No
373.0,1,Laboratory Technician,Research & Development,1,4,Yes,40,No,15,10,11,No
729.0,1,Sales Executive,Sales,3,2,No,40,Yes,18,1,12,No
830.0,1,Manufacturing Director,Research & Development,2,3,No,40,No,14,6,8,No
981.0,1,Manager,Research & Development,4,3,No,40,No,17,15,2,No
1042.0,1,Laboratory Technician,Research & Development,1,1,Yes,40,No,17,15,14,Yes
1080.0,1,Research Scientist,Research & Development,2,2,No,40,Yes,16,1,7,No
1995.0,1,Sales Executive,Sales,2,3,Yes,40,No,15,5,8,No
145.0,1,Healthcare Representative,Research & Development,3,1,Yes,40,No,13,12,8,No
158.0,1,Manager,Research & Development,4,3,Yes,40,Yes,25,4,12,No
391.0,1,Research Scientist,Research & Development,1,3,Yes,40,No,17,5,7,No
436.0,1,Sales Executive,Sales,2,2,Yes,40,Yes,13,11,9,No
1527.0,1,Manager,Research & Development,4,2,Yes,40,No,13,5,1,No
1866.0,1,Manager,Research & Development,5,2,Yes,40,No,16,6,14,No
2026.0,1,Healthcare Representative,Research & Development,2,2,Yes,40,No,13,1,9,No
107.0,1,Research Scientist,Research & Development,2,3,Yes,40,No,13,1,9,No
170.0,1,Manufacturing Director,Research & Development,2,2,No,40,No,15,5,11,No
215.0,1,Sales Executive,Sales,3,2,Yes,40,No,12,2,11,No
304.0,1,Laboratory Technician,Research & Development,2,3,Yes,40,No,13,3,7,No
529.0,1,Research Scientist,Research & Development,2,2,No,40,Yes,13,10,7,No
691.0,1,Research Scientist,Research & Development,2,3,Yes,40,No,17,11,8,No
692.0,1,Healthcare Representative,Research & Development,2,2,No,40,No,13,4,7,No
1005.0,1,Manufacturing Director,Research & Development,4,2,No,40,Yes,12,1,5,No
1024.0,1,Healthcare Representative,Research & Development,3,3,Yes,40,No,15,4,8,No
1039.0,1,Sales Executive,Sales,4,2,Yes,40,No,12,11,11,No
1225.0,1,Research Scientist,Research & Development,2,3,Yes,40,No,20,13,17,No
1375.0,1,Healthcare Representative,Research & Development,2,0,Yes,40,No,12,11,8,No
1661.0,1,Healthcare Representative,Research & Development,4,3,Yes,40,No,15,2,12,No
1668.0,1,Research Scientist,Research & Development,2,4,Yes,40,No,13,2,9,No
1698.0,1,Laboratory Technician,Research & Development,1,6,Yes,40,No,14,2,13,No
1937.0,1,Research Scientist,Research & Development,2,3,No,40,No,20,0,7,No
2017.0,1,Research Director,Research & Development,3,2,Yes,40,Yes,16,6,8,No
117.0,1,Healthcare Representative,Research & Development,2,3,Yes,40,No,11,10,8,No
131.0,1,Sales Executive,Sales,4,1,Yes,40,No,37,1,8,No
153.0,1,Manager,Research & Development,3,6,No,40,No,11,5,8,No
307.0,1,Sales Executive,Sales,3,6,Yes,40,No,16,5,13,No
374.0,1,Manager,Research & Development,5,2,Yes,40,No,36,4,13,No
524.0,1,Manufacturing Director,Research & Development,2,5,Yes,40,No,13,3,12,No
569.0,1,Manager,Research & Development,4,2,Yes,40,No,27,15,7,No
899.0,1,Manufacturing Director,Research & Development,3,2,No,40,No,13,4,8,No
1014.0,1,Healthcare Representative,Research & Development,3,3,Yes,40,Yes,16,10,1,No
1117.0,1,Sales Executive,Sales,2,2,No,40,No,15,4,12,No
1238.0,1,Research Scientist,Research & Development,1,5,No,40,No,14,4,10,No
1277.0,1,Manager,Research & Development,5,2,Yes,40,Yes,24,1,11,Yes
1541.0,1,Sales Representative,Sales,1,4,No,40,Yes,11,5,7,No
1666.0,1,Research Director,Research & Development,4,3,Yes,40,No,14,6,11,No
1696.0,1,Laboratory Technician,Research & Development,2,3,No,40,No,15,4,13,No
1805.0,1,Human Resources,Research & Development,1,3,Yes,40,No,11,3,8,No
1932.0,1,Research Scientist,Research & Development,2,3,No,40,Yes,15,6,11,No
2016.0,1,Sales Executive,Sales,3,3,Yes,40,No,14,5,7,No
20.0,1,Manufacturing Director,Research & Development,3,1,No,40,No,10,8,8,No
184.0,1,Human Resources,Research & Development,2,2,No,40,Yes,11,4,7,No
206.0,1,Laboratory Technician,Research & Development,2,2,Yes,40,No,17,0,15,No
228.0,1,Sales Executive,Sales,3,2,Yes,40,No,10,7,4,No
239.0,1,Laboratory Technician,Research & Development,2,4,Yes,40,No,12,6,10,No
256.0,1,Manufacturing Director,Research & Development,2,2,No,40,No,10,1,9,No
339.0,1,Manufacturing Director,Research & Development,2,3,Yes,40,No,11,5,9,No
406.0,1,Sales Executive,Sales,3,3,Yes,40,No,11,6,9,No
429.0,1,Manager,Research & Development,4,3,Yes,40,No,21,11,10,No
444.0,1,Manager,Research & Development,5,2,Yes,40,No,21,13,3,No
452.0,1,Research Scientist,Research & Development,2,3,Yes,40,No,10,9,8,No
456.0,1,Sales Executive,Sales,2,2,Yes,40,No,10,1,2,No
481.0,1,Sales Executive,Sales,3,2,Yes,40,No,13,1,12,No
513.0,1,Sales Executive,Sales,3,2,Yes,40,No,10,9,0,No
597.0,1,Manager,Research & Development,4,2,Yes,40,No,10,7,7,No
600.0,1,Sales Executive,Sales,2,2,Yes,40,No,11,6,9,No
630.0,1,Research Scientist,Research & Development,2,3,Yes,40,Yes,10,6,9,No
638.0,1,Research Director,Research & Development,5,5,Yes,40,Yes,31,0,9,No
683.0,1,Research Scientist,Research & Development,1,4,Yes,40,No,10,8,8,No
780.0,1,Research Scientist,Research & Development,1,2,No,40,No,10,7,8,Yes
817.0,1,Research Director,Research & Development,3,3,Yes,40,No,13,3,7,No
901.0,1,Research Director,Research & Development,4,0,Yes,40,No,12,3,8,No
944.0,1,Laboratory Technician,Research & Development,3,3,No,40,No,26,1,7,No
984.0,1,Sales Executive,Sales,3,2,No,40,No,10,0,8,No
1088.0,1,Healthcare Representative,Research & Development,3,4,No,40,No,19,1,9,No
1124.0,1,Manager,Research & Development,4,3,No,40,No,12,4,9,No
1167.0,1,Sales Executive,Sales,4,2,Yes,40,No,21,13,14,Yes
1184.0,1,Healthcare Representative,Research & Development,2,3,Yes,40,No,13,4,9,No
1252.0,1,Healthcare Representative,Research & Development,2,2,No,40,No,10,1,8,No
1267.0,1,Manager,Research & Development,5,5,Yes,40,No,22,3,10,No
1278.0,1,Healthcare Representative,Research & Development,4,3,No,40,Yes,33,15,0,No
1288.0,1,Manager,Research & Development,5,4,No,40,No,25,14,13,No
1307.0,1,Manager,Research & Development,4,4,No,40,Yes,19,15,2,No
1336.0,1,Manager,Research & Development,5,5,Yes,40,No,19,9,11,No
1352.0,1,Manager,Research & Development,4,2,Yes,40,No,33,0,10,No
1360.0,1,Manufacturing Director,Research & Development,3,0,Yes,40,No,10,5,9,Yes
1419.0,1,Human Resources,Research & Development,3,3,No,40,No,10,0,9,No
1478.0,1,Sales Executive,Sales,2,2,Yes,40,No,13,3,12,No
1480.0,1,Laboratory Technician,Research & Development,1,3,Yes,40,No,12,5,8,No
1489.0,1,Sales Executive,Sales,2,2,No,40,Yes,15,10,10,Yes
1520.0,1,Manager,Research & Development,4,2,Yes,40,No,14,1,12,No
1535.0,1,Sales Executive,Sales,3,3,No,40,No,10,8,6,No
1586.0,1,Laboratory Technician,Research & Development,1,3,Yes,40,No,10,1,5,No
1596.0,1,Laboratory Technician,Research & Development,2,3,Yes,40,No,10,6,8,No
1667.0,1,Sales Executive,Sales,2,2,Yes,40,No,11,6,7,Yes
1701.0,1,Research Scientist,Research & Development,1,3,Yes,40,No,10,8,7,No
1706.0,1,Sales Executive,Sales,2,3,No,40,Yes,10,8,8,No
1971.0,1,Healthcare Representative,Research & Development,3,1,Yes,40,No,10,0,9,No
1976.0,1,Research Scientist,Research & Development,2,2,Yes,40,No,20,3,7,No
1985.0,1,Laboratory Technician,Research & Development,2,2,Yes,40,No,10,9,4,No
2032.0,1,Laboratory Technician,Research & Development,1,4,Yes,40,No,10,9,8,Yes
2056.0,1,Sales Executive,Sales,4,2,Yes,40,No,20,9,6,No
57.0,1,Laboratory Technician,Research & Development,2,2,Yes,40,No,12,3,7,No
78.0,1,Manufacturing Director,Research & Development,2,3,Yes,40,Yes,9,7,8,No
104.0,1,Laboratory Technician,Research & Development,2,1,No,40,No,10,3,0,No
118.0,1,Sales Executive,Sales,3,3,No,40,No,9,4,7,Yes
121.0,1,Sales Executive,Sales,2,4,No,40,Yes,11,2,7,No
125.0,1,Sales Executive,Sales,2,0,Yes,40,No,11,5,7,No
207.0,1,Sales Executive,Sales,3,2,Yes,40,No,9,3,7,No
227.0,1,Research Scientist,Research & Development,1,2,Yes,40,No,9,1,8,No
253.0,1,Manager,Research & Development,5,2,No,40,No,20,9,9,No
264.0,1,Manager,Research & Development,4,1,Yes,40,No,20,11,8,No
291.0,1,Sales Executive,Sales,3,2,No,40,No,14,9,8,Yes
292.0,1,Manufacturing Director,Research & Development,3,2,Yes,40,No,11,5,8,No
306.0,1,Research Director,Research & Development,3,1,Yes,40,No,10,0,7,No
335.0,1,Research Scientist,Research & Development,2,3,No,40,No,9,4,7,No
420.0,1,Sales Executive,Sales,2,3,Yes,40,No,13,4,8,No
421.0,1,Research Director,Research & Development,3,2,Yes,40,No,10,0,1,No
441.0,1,Research Scientist,Research & Development,2,2,Yes,40,No,10,1,9,No
531.0,1,Manager,Research & Development,5,3,Yes,40,No,21,1,6,No
549.0,1,Manager,Research & Development,5,5,Yes,40,No,29,11,10,No
567.0,1,Sales Executive,Sales,3,3,Yes,40,No,9,7,8,No
581.0,1,Manufacturing Director,Research & Development,3,6,Yes,40,No,13,0,8,No
702.0,1,Research Scientist,Research & Development,1,3,No,40,Yes,10,9,7,Yes
716.0,1,Laboratory Technician,Research & Development,1,3,Yes,40,Yes,20,3,8,No
772.0,1,Laboratory Technician,Research & Development,2,2,Yes,40,No,10,4,7,No
836.0,1,Manufacturing Director,Research & Development,2,3,Yes,40,No,9,7,8,No
840.0,1,Sales Executive,Sales,3,3,No,40,No,9,7,7,Yes
844.0,1,Research Director,Research & Development,3,3,Yes,40,No,9,0,8,No
867.0,1,Manufacturing Director,Research & Development,4,3,No,40,No,9,0,0,No
889.0,1,Sales Executive,Sales,2,3,Yes,40,No,10,5,3,No
924.0,1,Healthcare Representative,Research & Development,2,2,No,40,No,16,4,11,No
976.0,1,Manager,Research & Development,4,2,Yes,40,No,9,7,8,No
992.0,1,Manager,Research & Development,4,2,No,40,No,10,6,0,No
1002.0,1,Laboratory Technician,Research & Development,2,2,Yes,40,Yes,9,0,8,No
1073.0,1,Manufacturing Director,Research & Development,3,2,Yes,40,No,14,7,8,No
1138.0,1,Sales Executive,Sales,4,3,No,40,No,9,2,3,No
1192.0,1,Laboratory Technician,Research & Development,1,5,No,40,No,10,0,8,No
1196.0,1,Manufacturing Director,Research & Development,2,2,Yes,40,No,14,3,11,No
1315.0,1,Laboratory Technician,Research & Development,2,6,Yes,40,No,9,7,5,No
1324.0,1,Sales Executive,Sales,3,5,Yes,40,Yes,10,9,6,No
1334.0,1,Manager,Research & Development,4,3,No,40,Yes,20,2,10,No
1346.0,1,Research Scientist,Research & Development,2,4,Yes,40,No,9,8,8,No
1356.0,1,Sales Executive,Sales,2,6,Yes,40,No,10,9,6,No
1423.0,1,Research Director,Research & Development,5,3,No,40,No,9,1,5,No
1459.0,1,Manufacturing Director,Research & Development,3,2,Yes,40,No,10,4,7,Yes
1472.0,1,Research Director,Research & Development,4,2,Yes,40,No,9,8,8,No
1485.0,1,Research Director,Research & Development,4,3,Yes,40,No,14,6,9,No
1543.0,1,Research Scientist,Research & Development,2,2,Yes,40,No,10,3,7,No
1547.0,1,Healthcare Representative,Research & Development,3,3,Yes,40,Yes,20,13,9,No
1553.0,1,Healthcare Representative,Research & Development,3,4,Yes,40,No,10,7,7,No
1562.0,1,Sales Executive,Sales,2,4,Yes,40,No,10,6,7,Yes
1582.0,1,Sales Executive,Sales,2,3,Yes,40,No,9,7,7,No
1606.0,1,Healthcare Representative,Research & Development,4,3,No,40,No,30,12,13,No
1658.0,1,Research Scientist,Research & Development,2,2,Yes,40,No,11,7,9,No
1665.0,1,Manager,Research & Development,4,6,Yes,40,No,10,4,7,No
1737.0,1,Laboratory Technician,Research & Development,2,2,Yes,40,No,9,5,8,No
1790.0,1,Healthcare Representative,Research & Development,3,1,No,40,No,12,5,7,No
1823.0,1,Sales Executive,Sales,2,5,No,40,No,10,4,8,No
1857.0,1,Manufacturing Director,Research & Development,3,4,Yes,40,No,9,4,7,No
1864.0,1,Sales Representative,Sales,2,5,No,40,No,9,5,8,No
1881.0,1,Laboratory Technician,Research & Development,2,2,No,40,No,10,0,2,No
1888.0,1,Manufacturing Director,Research & Development,2,2,Yes,40,No,9,3,8,No
1950.0,1,Sales Executive,Sales,3,3,No,40,No,14,2,1,No
1962.0,1,Sales Executive,Sales,2,2,No,40,Yes,10,0,9,No
1975.0,1,Sales Executive,Sales,4,3,No,40,No,20,11,10,No
1986.0,1,Sales Executive,Sales,2,4,Yes,40,No,11,5,10,No
2000.0,1,Research Director,Research & Development,3,3,Yes,40,No,13,5,12,No
2.0,1,Research Scientist,Research & Development,2,3,Yes,40,No,10,1,7,No
5.0,1,Research Scientist,Research & Development,1,3,Yes,40,No,8,3,0,No
35.0,1,Sales Executive,Sales,2,2,No,40,No,9,4,2,No
76.0,1,Laboratory Technician,Research & Development,2,3,No,40,No,7,1,7,No
98.0,1,Manufacturing Director,Research & Development,2,2,No,40,No,11,1,8,No
120.0,1,Sales Executive,Sales,2,2,Yes,40,No,10,1,0,No
147.0,1,Laboratory Technician,Research & Development,2,3,Yes,40,Yes,9,0,6,Yes
154.0,1,Sales Executive,Sales,3,6,No,40,No,9,2,8,No
159.0,1,Research Scientist,Research & Development,1,2,No,40,No,10,0,9,No
160.0,1,Sales Executive,Sales,2,2,Yes,40,No,7,0,7,No
163.0,1,Sales Executive,Sales,2,3,No,40,No,7,7,7,Yes
176.0,1,Sales Executive,Sales,3,2,No,40,Yes,9,0,7,No
177.0,1,Human Resources,Research & Development,1,3,Yes,40,No,8,5,7,No
195.0,1,Sales Executive,Sales,2,2,Yes,40,No,8,0,7,No
202.0,1,Research Scientist,Research & Development,2,2,No,40,No,20,2,13,No
205.0,1,Sales Representative,Sales,2,3,Yes,40,Yes,7,4,5,No
252.0,1,Research Scientist,Research & Development,1,5,Yes,40,No,8,1,6,No
258.0,1,Healthcare Representative,Research & Development,4,6,No,40,No,7,1,0,No
260.0,1,Research Scientist,Research & Development,1,2,No,40,No,7,0,3,No
267.0,1,Research Scientist,Research & Development,1,3,Yes,40,Yes,8,1,7,No
275.0,1,Manufacturing Director,Research & Development,2,0,No,40,Yes,7,1,7,No
293.0,1,Sales Executive,Sales,2,2,No,40,No,7,0,7,No
302.0,1,Sales Executive,Sales,3,2,Yes,40,No,19,12,8,No
314.0,1,Sales Executive,Sales,3,3,Yes,40,No,10,0,8,No
329.0,1,Manager,Research & Development,5,2,Yes,40,Yes,33,15,12,No
361.0,1,Sales Executive,Sales,2,0,Yes,40,No,8,7,5,No
363.0,1,Manager,Research & Development,4,2,No,40,Yes,7,7,7,No
376.0,1,Manager,Research & Development,3,2,Yes,40,No,10,9,9,Yes
381.0,1,Manager,Research & Development,3,6,No,40,No,7,6,2,No
388.0,1,Sales Executive,Sales,2,3,Yes,40,No,10,0,9,No
389.0,1,Laboratory Technician,Research & Development,2,4,Yes,40,No,10,0,8,No
401.0,1,Sales Executive,Sales,2,0,Yes,40,No,8,7,4,Yes
416.0,1,Sales Executive,Sales,2,3,Yes,40,No,8,7,7,No
430.0,1,Laboratory Technician,Research & Development,1,5,Yes,40,No,8,1,7,No
438.0,1,Sales Executive,Sales,2,3,Yes,40,No,7,1,7,No
446.0,1,Sales Executive,Sales,2,6,No,40,No,7,0,1,No
448.0,1,Laboratory Technician,Research & Development,2,3,No,40,No,9,0,0,No
454.0,1,Laboratory Technician,Research & Development,1,4,No,40,No,7,0,7,Yes
458.0,1,Sales Executive,Sales,2,3,No,40,No,8,0,7,No
476.0,1,Sales Executive,Sales,2,3,Yes,40,No,8,7,7,No
483.0,1,Laboratory Technician,Research & Development,1,3,Yes,40,Yes,7,1,7,No
488.0,1,Sales Executive,Sales,2,5,No,40,No,8,7,7,Yes
500.0,1,Sales Executive,Sales,2,2,Yes,40,No,7,0,7,No
534.0,1,Sales Executive,Sales,3,2,Yes,40,No,10,0,7,No
586.0,1,Healthcare Representative,Research & Development,3,2,No,40,Yes,8,0,0,No
595.0,1,Sales Executive,Sales,2,2,Yes,40,No,9,6,7,No
608.0,1,Human Resources,Research & Development,1,2,Yes,40,Yes,7,1,0,Yes
616.0,1,Healthcare Representative,Research & Development,2,3,Yes,40,Yes,8,0,7,No
621.0,1,Sales Executive,Sales,2,3,Yes,40,No,10,5,7,No
653.0,1,Sales Executive,Sales,2,4,Yes,40,No,7,5,7,No
663.0,1,Laboratory Technician,Research & Development,2,3,No,40,No,8,4,7,No
682.0,1,Sales Executive,Sales,2,2,No,40,No,14,8,10,No
710.0,1,Research Scientist,Research & Development,1,5,Yes,40,No,10,2,8,No
717.0,1,Healthcare Representative,Research & Development,3,3,No,40,No,8,7,7,No
721.0,1,Healthcare Representative,Research & Development,2,4,No,40,No,20,11,10,No
722.0,1,Sales Executive,Sales,2,2,Yes,40,No,10,0,8,No
724.0,1,Healthcare Representative,Research & Development,2,4,Yes,40,No,9,1,8,No
725.0,1,Manufacturing Director,Research & Development,3,3,No,40,No,9,0,7,No
728.0,1,Sales Executive,Sales,2,2,No,40,No,7,1,7,No
733.0,1,Manufacturing Director,Research & Development,3,4,Yes,40,No,9,1,7,No
734.0,1,Manager,Research & Development,5,3,No,40,No,22,2,10,No
742.0,1,Research Director,Research & Development,3,2,No,40,No,8,0,5,No
747.0,1,Sales Executive,Sales,2,2,Yes,40,No,8,7,7,No
762.0,1,Healthcare Representative,Research & Development,4,1,No,40,No,10,1,1,No
783.0,1,Sales Representative,Sales,2,3,Yes,40,No,8,3,1,No
789.0,1,Sales Executive,Sales,3,1,No,40,No,10,0,9,No
793.0,1,Healthcare Representative,Research & Development,2,3,Yes,40,No,8,1,1,No
803.0,1,Manufacturing Director,Research & Development,2,2,Yes,40,No,15,4,12,No
809.0,1,Manager,Research & Development,5,4,Yes,40,No,24,14,9,No
823.0,1,Manufacturing Director,Research & Development,2,2,No,40,No,9,0,5,No
842.0,1,Sales Executive,Sales,2,3,No,40,No,9,7,3,Yes
913.0,1,Research Scientist,Research & Development,1,0,Yes,40,Yes,8,7,1,No
927.0,1,Laboratory Technician,Research & Development,1,1,Yes,40,Yes,7,1,0,Yes
941.0,1,Sales Representative,Sales,1,2,No,40,No,7,5,2,No
956.0,1,Sales Executive,Sales,2,2,Yes,40,No,7,0,7,No
966.0,1,Manufacturing Director,Research & Development,2,2,No,40,No,8,6,3,No
967.0,1,Sales Executive,Sales,3,6,No,40,No,16,3,7,Yes
972.0,1,Laboratory Technician,Research & Development,2,5,Yes,40,No,9,0,8,No
990.0,1,Sales Executive,Sales,2,3,Yes,40,No,7,0,7,No
1013.0,1,Manufacturing Director,Research & Development,3,2,Yes,40,No,10,0,8,No
1015.0,1,Research Director,Research & Development,3,4,Yes,40,Yes,8,1,7,No
1018.0,1,Manufacturing Director,Research & Development,2,2,No,40,No,8,1,3,No
1034.0,1,Healthcare Representative,Research & Development,2,3,Yes,40,No,8,6,7,No
1046.0,1,Laboratory Technician,Research & Development,1,2,Yes,40,No,8,7,7,No
1050.0,1,Sales Executive,Sales,3,2,Yes,40,No,15,6,12,No
1074.0,1,Manager,Research & Development,4,3,Yes,40,No,9,6,2,No
1082.0,1,Healthcare Representative,Research & Development,3,2,No,40,No,10,1,9,Yes
1097.0,1,Research Scientist,Research & Development,2,4,Yes,40,No,8,1,7,No
1100.0,1,Sales Executive,Sales,3,2,Yes,40,No,8,4,7,Yes
1101.0,1,Research Scientist,Research & Development,2,4,Yes,40,No,13,3,8,Yes
1106.0,1,Laboratory Technician,Research & Development,1,3,Yes,40,No,7,5,6,Yes
1119.0,1,Sales Executive,Sales,3,2,Yes,40,Yes,8,2,7,No
1126.0,1,Manufacturing Director,Research & Development,3,1,No,40,No,8,0,1,No
1128.0,1,Research Director,Research & Development,5,2,Yes,40,No,20,4,9,No
1177.0,1,Laboratory Technician,Research & Development,1,2,Yes,40,No,8,0,7,No
1182.0,1,Manufacturing Director,Research & Development,3,2,Yes,40,No,7,6,4,No
1201.0,1,Manager,Research & Development,5,6,No,40,No,7,4,7,No
1218.0,1,Sales Executive,Sales,2,2,Yes,40,No,7,1,7,No
1220.0,1,Sales Executive,Sales,2,3,Yes,40,No,10,0,1,No
1224.0,1,Laboratory Technician,Research & Development,2,4,Yes,40,No,10,8,9,No
1235.0,1,Research Scientist,Research & Development,2,2,No,40,Yes,8,0,7,No
1237.0,1,Manufacturing Director,Research & Development,3,2,Yes,40,Yes,7,7,7,No
1255.0,1,Research Director,Research & Development,5,2,Yes,40,No,8,0,7,No
1264.0,1,Research Director,Research & Development,4,2,Yes,40,No,7,1,7,No
1283.0,1,Manufacturing Director,Research & Development,3,6,No,40,No,9,5,4,No
1293.0,1,Sales Executive,Sales,3,3,Yes,40,No,21,15,17,No
1295.0,1,Healthcare Representative,Research & Development,3,2,Yes,40,No,10,0,5,Yes
1322.0,1,Manufacturing Director,Research & Development,2,6,Yes,40,No,8,1,7,No
1344.0,1,Healthcare Representative,Research & Development,3,0,Yes,40,No,9,1,6,No
1355.0,1,Sales Executive,Sales,2,3,Yes,40,No,7,1,7,No
1362.0,1,Sales Executive,Sales,2,2,Yes,40,No,15,6,13,No
1369.0,1,Laboratory Technician,Research & Development,2,0,No,40,No,9,0,0,No
1377.0,1,Laboratory Technician,Research & Development,2,1,No,40,No,8,7,7,No
1402.0,1,Research Scientist,Research & Development,2,3,No,40,Yes,20,1,8,No
1408.0,1,Manager,Research & Development,4,5,No,40,No,20,0,9,No
1417.0,1,Laboratory Technician,Research & Development,1,2,Yes,40,No,7,0,7,No
1421.0,1,Healthcare Representative,Research & Development,3,1,Yes,40,Yes,8,7,7,Yes
1422.0,1,Research Director,Research & Development,4,3,No,40,No,20,12,7,No
1424.0,1,Research Director,Research & Development,4,4,Yes,40,No,7,0,0,No
1457.0,1,Sales Executive,Sales,3,1,Yes,40,No,7,4,3,Yes
1460.0,1,Healthcare Representative,Research & Development,3,2,No,40,Yes,7,0,7,No
1484.0,1,Healthcare Representative,Research & Development,3,3,No,40,No,8,0,7,No
1497.0,1,Sales Executive,Sales,2,3,Yes,40,No,10,0,4,No
1522.0,1,Research Scientist,Research & Development,1,2,Yes,40,No,9,0,7,Yes
1544.0,1,Healthcare Representative,Research & Development,2,3,Yes,40,No,7,0,7,No
1572.0,1,Manufacturing Director,Research & Development,3,4,Yes,40,No,33,1,9,Yes
1608.0,1,Research Director,Research & Development,5,4,No,40,Yes,22,1,10,No
1611.0,1,Laboratory Technician,Research & Development,2,3,No,40,No,10,1,4,No
1612.0,1,Sales Executive,Sales,2,2,No,40,No,10,4,5,No
1615.0,1,Manufacturing Director,Research & Development,2,3,Yes,40,No,9,7,2,No
1619.0,1,Laboratory Technician,Research & Development,1,3,Yes,40,No,7,0,7,No
1635.0,1,Manufacturing Director,Research & Development,2,3,Yes,40,No,10,3,9,No
1642.0,1,Human Resources,Research & Development,2,3,Yes,40,Yes,10,0,2,No
1653.0,1,Manufacturing Director,Research & Development,2,6,No,40,No,7,0,7,No
1691.0,1,Sales Representative,Sales,1,3,No,40,No,9,7,7,Yes
1693.0,1,Laboratory Technician,Research & Development,1,5,Yes,40,No,7,5,7,No
1703.0,1,Healthcare Representative,Research & Development,3,2,Yes,40,No,8,6,7,No
1727.0,1,Healthcare Representative,Research & Development,2,3,Yes,40,No,10,0,9,No
1728.0,1,Manufacturing Director,Research & Development,2,3,Yes,40,No,7,0,7,No
1745.0,1,Research Scientist,Research & Development,1,2,No,40,No,9,0,7,No
1754.0,1,Sales Executive,Sales,3,2,Yes,40,No,7,1,7,No
1756.0,1,Sales Executive,Sales,2,2,Yes,40,No,11,1,7,No
1764.0,1,Research Scientist,Research & Development,1,3,Yes,40,No,7,0,7,No
1778.0,1,Human Resources,Research & Development,1,5,No,40,No,9,1,8,No
1797.0,1,Sales Executive,Sales,2,2,No,40,No,10,7,7,Yes
1804.0,1,Manufacturing Director,Research & Development,2,6,No,40,No,7,1,7,No
1816.0,1,Manufacturing Director,Research & Development,3,3,No,40,No,7,0,2,No
1821.0,1,Healthcare Representative,Research & Development,2,2,No,40,No,9,3,7,Yes
1849.0,1,Sales Executive,Sales,2,5,No,40,No,7,7,7,No
1869.0,1,Sales Executive,Sales,3,2,Yes,40,No,8,0,7,Yes
1898.0,1,Sales Executive,Sales,2,5,No,40,No,8,0,7,No
1911.0,1,Research Director,Research & Development,3,3,Yes,40,No,13,5,7,No
1927.0,1,Sales Executive,Sales,2,2,Yes,40,No,7,0,7,No
1934.0,1,Research Scientist,Research & Development,2,4,No,40,No,8,1,7,No
1951.0,1,Sales Executive,Sales,3,2,Yes,40,No,8,1,1,No
1952.0,1,Laboratory Technician,Research & Development,1,6,Yes,40,No,7,7,6,No
1965.0,1,Sales Executive,Sales,2,5,No,40,No,7,0,7,No
1967.0,1,Sales Executive,Sales,2,4,Yes,40,Yes,10,0,8,Yes
1979.0,1,Research Director,Research & Development,3,2,Yes,40,No,11,4,8,No
2008.0,1,Research Scientist,Research & Development,2,5,Yes,40,No,10,0,8,No
2009.0,1,Healthcare Representative,Research & Development,2,6,Yes,40,Yes,9,8,1,No
2014.0,1,Research Scientist,Research & Development,2,2,No,40,No,7,1,7,No
2034.0,1,Manufacturing Director,Research & Development,4,3,Yes,40,No,20,0,10,No
2035.0,1,Sales Executive,Sales,2,2,No,40,No,8,1,7,No
2062.0,1,Healthcare Representative,Research & Development,3,5,Yes,40,No,7,1,7,No
28.0,1,Research Director,Research & Development,3,4,No,40,No,12,2,11,No
62.0,1,Sales Executive,Sales,2,4,Yes,40,No,9,0,8,No
199.0,1,Manager,Research & Development,4,2,No,40,No,7,7,7,No
343.0,1,Healthcare Representative,Research & Development,3,1,No,40,No,19,11,8,No
351.0,1,Laboratory Technician,Research & Development,1,4,Yes,40,Yes,9,7,8,No
428.0,1,Manager,Research & Development,3,2,Yes,40,No,10,8,8,No
464.0,1,Manufacturing Director,Research & Development,3,5,Yes,40,No,16,0,13,No
731.0,1,Manager,Research & Development,5,2,No,40,No,21,12,6,No
764.0,1,Healthcare Representative,Research & Development,2,2,No,40,No,7,0,7,No
851.0,1,Manager,Research & Development,4,2,No,40,No,20,4,17,No
903.0,1,Sales Executive,Sales,2,2,Yes,40,No,7,7,7,No
905.0,1,Manager,Research & Development,4,3,No,40,No,31,14,7,No
942.0,1,Healthcare Representative,Research & Development,2,2,Yes,40,No,10,0,7,No
1026.0,1,Manufacturing Director,Research & Development,4,3,Yes,40,No,21,11,8,No
1085.0,1,Research Scientist,Research & Development,1,3,No,40,No,10,0,8,No
1109.0,1,Manager,Research & Development,4,3,No,40,No,22,13,7,No
1118.0,1,Healthcare Representative,Research & Development,3,4,Yes,40,No,8,4,0,No
1152.0,1,Human Resources,Research & Development,1,2,Yes,40,No,7,5,0,No
1350.0,1,Research Scientist,Research & Development,2,3,No,40,No,9,1,1,No
1514.0,1,Manufacturing Director,Research & Development,2,2,Yes,40,No,8,1,7,No
1523.0,1,Research Director,Research & Development,4,1,Yes,40,No,20,14,17,No
1539.0,1,Research Director,Research & Development,4,2,No,40,No,32,13,9,No
1588.0,1,Sales Executive,Sales,3,3,Yes,40,No,7,7,6,No
1617.0,1,Laboratory Technician,Research & Development,1,3,Yes,40,No,9,1,4,No
1719.0,1,Research Director,Research & Development,4,2,No,40,No,21,8,6,No
1870.0,1,Research Scientist,Research & Development,1,2,No,40,No,7,7,3,No
2031.0,1,Manager,Research & Development,5,2,Yes,40,No,22,4,14,No
2065.0,1,Sales Executive,Sales,2,3,Yes,40,No,9,0,8,No
15.0,1,Laboratory Technician,Research & Development,2,3,Yes,40,Yes,9,0,8,No
60.0,1,Sales Executive,Sales,2,2,No,40,No,9,8,7,No
85.0,1,Manufacturing Director,Research & Development,2,3,Yes,40,No,6,0,3,No
346.0,1,Research Scientist,Research & Development,1,1,No,40,No,6,1,5,No
384.0,1,Manufacturing Director,Research & Development,2,6,No,40,No,6,1,4,No
498.0,1,Sales Executive,Sales,2,1,Yes,40,No,7,0,7,No
551.0,1,Healthcare Representative,Research & Development,2,4,Yes,40,No,6,0,4,No
604.0,1,Sales Executive,Sales,2,2,Yes,40,Yes,6,0,5,No
626.0,1,Sales Executive,Sales,3,6,No,40,No,9,7,7,No
644.0,1,Manager,Research & Development,5,2,No,40,No,32,10,7,No
649.0,1,Research Scientist,Research & Development,1,3,Yes,40,Yes,6,1,3,No
714.0,1,Sales Executive,Sales,2,3,No,40,No,6,0,4,No
781.0,1,Sales Executive,Sales,2,5,No,40,No,6,1,4,No
804.0,1,Research Scientist,Research & Development,1,3,Yes,40,No,6,1,3,No
856.0,1,Research Scientist,Research & Development,1,3,No,40,No,6,1,1,No
998.0,1,Healthcare Representative,Research & Development,2,2,Yes,40,Yes,6,1,2,No
1120.0,1,Research Scientist,Research & Development,1,1,No,40,No,7,1,7,No
1143.0,1,Research Scientist,Research & Development,1,2,Yes,40,No,7,1,1,No
1251.0,1,Healthcare Representative,Research & Development,2,2,No,40,Yes,6,0,1,No
1438.0,1,Research Scientist,Research & Development,1,2,Yes,40,No,6,1,2,No
1574.0,1,Research Scientist,Research & Development,2,3,Yes,40,No,6,1,2,No
1671.0,1,Research Scientist,Research & Development,2,4,Yes,40,No,9,1,6,No
94.0,1,Research Scientist,Research & Development,1,3,No,40,No,5,0,4,No
112.0,1,Manufacturing Director,Research & Development,3,3,Yes,40,No,6,0,2,No
129.0,1,Sales Executive,Sales,2,3,Yes,40,No,5,0,4,No
142.0,1,Sales Executive,Sales,2,1,Yes,40,Yes,6,0,3,Yes
161.0,1,Research Scientist,Research & Development,1,2,Yes,40,No,5,4,3,Yes
164.0,1,Research Scientist,Research & Development,1,3,No,40,No,5,4,3,No
190.0,1,Laboratory Technician,Research & Development,1,2,No,40,No,5,0,4,Yes
194.0,1,Research Scientist,Research & Development,1,4,Yes,40,No,5,0,4,No
226.0,1,Manager,Research & Development,5,5,No,40,No,5,4,4,No
231.0,1,Research Scientist,Research & Development,1,2,No,40,No,5,1,4,No
240.0,1,Sales Executive,Sales,2,3,No,40,No,5,0,3,No
262.0,1,Research Scientist,Research & Development,1,3,Yes,40,No,5,2,2,No
283.0,1,Sales Executive,Sales,3,3,Yes,40,No,10,1,9,Yes
308.0,1,Manufacturing Director,Research & Development,2,2,Yes,40,No,5,1,4,No
325.0,1,Laboratory Technician,Research & Development,1,2,No,40,Yes,5,0,4,Yes
355.0,1,Laboratory Technician,Research & Development,1,2,Yes,40,No,5,1,4,Yes
378.0,1,Sales Executive,Sales,2,5,Yes,40,No,5,0,1,No
449.0,1,Sales Executive,Sales,2,0,Yes,40,Yes,5,1,4,No
466.0,1,Manufacturing Director,Research & Development,2,3,Yes,40,Yes,5,1,2,No
486.0,1,Laboratory Technician,Research & Development,1,3,Yes,40,No,5,0,3,No
492.0,1,Sales Executive,Sales,2,6,Yes,40,Yes,6,1,0,Yes
505.0,1,Manager,Research & Development,4,2,No,40,Yes,5,1,2,No
510.0,1,Research Scientist,Research & Development,1,2,Yes,40,No,6,0,4,Yes
527.0,1,Sales Executive,Sales,2,3,No,40,Yes,5,1,3,No
547.0,1,Research Scientist,Research & Development,2,3,No,40,No,5,0,2,No
548.0,1,Manufacturing Director,Research & Development,2,2,Yes,40,No,5,0,2,No
577.0,1,Laboratory Technician,Research & Development,1,2,No,40,No,5,4,3,No
679.0,1,Research Scientist,Research & Development,2,2,No,40,No,6,0,5,No
785.0,1,Sales Executive,Sales,2,2,No,40,Yes,5,1,3,Yes
861.0,1,Research Scientist,Research & Development,1,3,Yes,40,No,5,0,3,No
864.0,1,Sales Executive,Sales,3,2,No,40,Yes,5,0,2,No
878.0,1,Human Resources,Research & Development,1,3,Yes,40,No,5,0,3,No
895.0,1,Research Scientist,Research & Development,1,2,Yes,40,No,6,0,2,No
900.0,1,Sales Representative,Sales,1,3,No,40,No,5,0,0,No
936.0,1,Sales Executive,Sales,2,6,Yes,40,No,5,0,3,No
997.0,1,Research Director,Research & Development,4,1,Yes,40,No,5,1,3,No
1048.0,1,Manager,Research & Development,3,1,Yes,40,Yes,6,0,4,No
1071.0,1,Research Scientist,Research & Development,1,4,No,40,No,5,0,3,No
1116.0,1,Manager,Research & Development,4,3,Yes,40,No,5,2,1,No
1132.0,1,Laboratory Technician,Research & Development,2,2,No,40,No,5,0,3,No
1171.0,1,Sales Executive,Sales,2,3,No,40,No,6,1,5,No
1200.0,1,Research Scientist,Research & Development,1,4,No,40,Yes,6,0,2,Yes
1202.0,1,Research Scientist,Research & Development,1,2,No,40,Yes,5,1,3,No
1245.0,1,Manufacturing Director,Research & Development,3,2,No,40,No,5,1,4,No
1280.0,1,Manager,Research & Development,5,2,Yes,40,No,11,0,8,No
1309.0,1,Laboratory Technician,Research & Development,2,3,Yes,40,No,10,1,1,Yes
1374.0,1,Research Scientist,Research & Development,1,2,Yes,40,No,5,0,0,No
1390.0,1,Sales Executive,Sales,2,2,No,40,No,5,1,4,No
1395.0,1,Sales Executive,Sales,2,2,Yes,40,No,5,1,2,No
1397.0,1,Healthcare Representative,Research & Development,3,2,No,40,No,6,0,5,No
1409.0,1,Laboratory Technician,Research & Development,1,2,Yes,40,No,5,0,4,No
1425.0,1,Sales Executive,Sales,2,3,Yes,40,Yes,5,0,1,No
1435.0,1,Laboratory Technician,Research & Development,2,2,Yes,40,No,10,1,8,No
1445.0,1,Sales Executive,Sales,2,3,Yes,40,Yes,5,0,3,No
1469.0,1,Sales Executive,Sales,2,4,Yes,40,No,5,1,3,No
1503.0,1,Sales Executive,Sales,2,4,Yes,40,No,5,1,2,No
1534.0,1,Laboratory Technician,Research & Development,1,3,No,40,No,5,1,0,Yes
1546.0,1,Research Scientist,Research & Development,1,3,Yes,40,No,5,0,3,No
1548.0,1,Sales Executive,Sales,2,5,Yes,40,No,8,7,1,No
1598.0,1,Sales Executive,Sales,2,2,Yes,40,No,5,1,2,No
1599.0,1,Laboratory Technician,Research & Development,1,0,No,40,No,6,0,2,No
1609.0,1,Research Scientist,Research & Development,1,3,Yes,40,No,6,1,1,No
1638.0,1,Manufacturing Director,Research & Development,3,6,Yes,40,No,5,0,2,No
1640.0,1,Research Scientist,Research & Development,1,2,No,40,No,8,7,7,No
1664.0,1,Healthcare Representative,Research & Development,2,3,Yes,40,No,5,0,4,No
1684.0,1,Laboratory Technician,Research & Development,1,2,Yes,40,No,5,1,2,Yes
1704.0,1,Research Scientist,Research & Development,1,2,Yes,40,Yes,5,1,4,No
1736.0,1,Manufacturing Director,Research & Development,2,3,Yes,40,No,5,1,4,No
1782.0,1,Laboratory Technician,Research & Development,1,3,Yes,40,No,5,0,4,No
1826.0,1,Laboratory Technician,Research & Development,1,2,Yes,40,No,5,0,3,No
1850.0,1,Laboratory Technician,Research & Development,1,3,Yes,40,Yes,5,0,2,No
1909.0,1,Sales Executive,Sales,2,3,Yes,40,No,5,1,4,No
1924.0,1,Sales Executive,Sales,2,2,No,40,No,10,0,9,No
1941.0,1,Research Director,Research & Development,5,3,No,40,No,5,4,3,No
1949.0,1,Laboratory Technician,Research & Development,1,3,Yes,40,No,5,0,2,No
27.0,1,Sales Representative,Sales,1,4,No,40,No,5,0,3,Yes
46.0,1,Research Scientist,Research & Development,1,3,No,40,No,5,1,4,No
52.0,1,Sales Executive,Sales,2,3,No,40,No,5,1,3,No
68.0,1,Sales Executive,Sales,2,2,No,40,No,4,1,3,No
79.0,1,Laboratory Technician,Research & Development,2,2,Yes,40,No,10,9,9,No
80.0,1,Research Director,Research & Development,5,2,No,40,No,27,13,8,No
91.0,1,Sales Executive,Sales,2,2,No,40,No,4,1,3,No
119.0,1,Healthcare Representative,Research & Development,4,3,No,40,No,22,11,11,No
126.0,1,Research Director,Research & Development,3,5,No,40,No,4,0,3,No
148.0,1,Manager,Research & Development,4,3,Yes,40,No,5,4,4,No
150.0,1,Laboratory Technician,Research & Development,1,2,Yes,40,No,5,1,2,No
198.0,1,Laboratory Technician,Research & Development,1,3,Yes,40,No,5,1,2,No
216.0,1,Sales Representative,Sales,1,3,No,40,No,4,1,2,No
230.0,1,Sales Executive,Sales,2,2,No,40,No,8,0,7,No
270.0,1,Manufacturing Director,Research & Development,2,5,No,40,No,5,0,2,No
277.0,1,Research Scientist,Research & Development,1,4,Yes,40,Yes,5,2,0,No
299.0,1,Sales Executive,Sales,2,5,Yes,40,No,6,0,1,Yes
315.0,1,Research Scientist,Research & Development,1,3,Yes,40,No,4,0,1,Yes
330.0,1,Sales Representative,Sales,1,5,No,40,No,4,1,2,No
369.0,1,Healthcare Representative,Research & Development,2,2,Yes,40,No,6,1,5,No
386.0,1,Research Director,Research & Development,4,5,Yes,40,Yes,5,1,3,No
390.0,1,Healthcare Representative,Research & Development,2,3,Yes,40,No,5,3,3,No
412.0,1,Healthcare Representative,Research & Development,2,2,Yes,40,No,8,0,7,No
422.0,1,Healthcare Representative,Research & Development,2,2,Yes,40,Yes,5,1,2,No
434.0,1,Research Scientist,Research & Development,1,2,Yes,40,No,4,1,2,No
450.0,1,Research Scientist,Research & Development,2,4,No,40,No,4,0,3,No
469.0,1,Sales Executive,Sales,2,3,Yes,40,No,4,0,2,No
491.0,1,Healthcare Representative,Research & Development,3,2,No,40,No,4,1,3,No
554.0,1,Sales Representative,Sales,1,4,Yes,40,Yes,5,1,4,Yes
579.0,1,Research Scientist,Research & Development,1,3,Yes,40,No,7,5,7,No
592.0,1,Sales Executive,Sales,3,3,Yes,40,No,10,9,7,No
599.0,1,Sales Executive,Sales,2,3,Yes,40,No,14,1,10,No
641.0,1,Sales Executive,Sales,2,5,Yes,40,No,5,1,4,No
655.0,1,Research Scientist,Research & Development,1,5,Yes,40,No,5,0,3,No
667.0,1,Sales Representative,Sales,1,3,Yes,40,No,4,0,2,Yes
758.0,1,Laboratory Technician,Research & Development,1,2,Yes,40,No,4,0,2,No
760.0,1,Human Resources,Research & Development,2,3,No,40,No,8,3,6,No
791.0,1,Research Scientist,Research & Development,1,3,Yes,40,No,4,1,2,No
796.0,1,Sales Executive,Sales,2,2,Yes,40,No,4,1,2,Yes
799.0,1,Manufacturing Director,Research & Development,2,4,Yes,40,Yes,5,1,4,No
815.0,1,Research Director,Research & Development,4,3,No,40,No,4,0,3,No
827.0,1,Manufacturing Director,Research & Development,2,4,No,40,No,4,0,2,No
865.0,1,Research Scientist,Research & Development,2,3,Yes,40,No,5,1,3,No
894.0,1,Laboratory Technician,Research & Development,2,1,Yes,40,Yes,5,1,3,No
983.0,1,Sales Executive,Sales,2,1,Yes,40,Yes,5,1,3,No
996.0,1,Laboratory Technician,Research & Development,1,2,No,40,No,5,0,2,No
1011.0,1,Manufacturing Director,Research & Development,2,1,No,40,No,4,0,3,No
1019.0,1,Laboratory Technician,Research & Development,1,3,Yes,40,No,4,1,1,No
1032.0,1,Manufacturing Director,Research & Development,4,4,No,40,No,5,4,3,No
1045.0,1,Manager,Research & Development,4,4,No,40,No,9,1,1,No
1049.0,1,Human Resources,Research & Development,1,3,Yes,40,No,6,0,4,No
1068.0,1,Research Scientist,Research & Development,1,5,No,40,No,5,1,3,No
1136.0,1,Research Scientist,Research & Development,1,2,Yes,40,No,5,0,4,No
1179.0,1,Sales Executive,Sales,2,3,No,40,No,10,1,4,No
1188.0,1,Sales Executive,Sales,2,2,Yes,40,No,4,1,3,Yes
1211.0,1,Sales Executive,Sales,2,3,No,40,No,4,0,3,No
1228.0,1,Manufacturing Director,Research & Development,2,3,Yes,40,No,6,1,4,No
1231.0,1,Human Resources,Research & Development,2,3,Yes,40,No,4,0,3,No
1259.0,1,Research Scientist,Research & Development,1,2,Yes,40,No,5,0,3,No
1338.0,1,Manager,Research & Development,5,4,No,40,No,7,7,7,No
1349.0,1,Sales Executive,Sales,2,2,Yes,40,No,9,1,7,No
1387.0,1,Sales Executive,Sales,2,0,Yes,40,No,5,0,4,No
1401.0,1,Manufacturing Director,Research & Development,4,3,Yes,40,No,5,0,2,No
1407.0,1,Research Scientist,Research & Development,1,2,Yes,40,No,4,1,1,No
1420.0,1,Laboratory Technician,Research & Development,2,2,Yes,40,No,4,1,3,Yes
1431.0,1,Research Scientist,Research & Development,1,2,Yes,40,No,4,1,3,No
1446.0,1,Sales Executive,Sales,2,3,Yes,40,No,4,0,3,No
1477.0,1,Sales Executive,Sales,2,2,No,40,No,4,0,3,No
1487.0,1,Sales Executive,Sales,2,4,No,40,No,5,0,0,Yes
1499.0,1,Human Resources,Research & Development,1,3,No,40,No,5,1,3,No
1533.0,1,Laboratory Technician,Research & Development,2,2,No,40,No,4,1,2,No
1545.0,1,Manufacturing Director,Research & Development,2,2,Yes,40,No,5,0,2,No
1554.0,1,Sales Representative,Sales,1,5,Yes,40,No,5,4,2,No
1563.0,1,Human Resources,Research & Development,2,2,Yes,40,No,6,1,2,No
1622.0,1,Manufacturing Director,Research & Development,2,5,Yes,40,No,5,0,0,No
1631.0,1,Manufacturing Director,Research & Development,2,2,No,40,No,4,0,2,No
1646.0,1,Research Scientist,Research & Development,1,2,No,40,No,6,1,3,No
1659.0,1,Laboratory Technician,Research & Development,1,4,Yes,40,No,4,1,3,No
1689.0,1,Healthcare Representative,Research & Development,3,2,No,40,No,4,1,2,No
1700.0,1,Sales Executive,Sales,2,2,Yes,40,No,6,1,3,No
1739.0,1,Sales Executive,Sales,3,2,No,40,No,4,0,2,No
1768.0,1,Laboratory Technician,Research & Development,1,6,Yes,40,No,5,0,4,No
1772.0,1,Laboratory Technician,Research & Development,1,2,Yes,40,No,5,0,4,No
1792.0,1,Research Scientist,Research & Development,1,2,Yes,40,Yes,5,2,3,Yes
1800.0,1,Research Director,Research & Development,3,3,Yes,40,No,4,2,2,No
1822.0,1,Healthcare Representative,Research & Development,2,3,Yes,40,No,5,0,3,No
1854.0,1,Research Scientist,Research & Development,1,1,No,40,No,6,3,3,No
1882.0,1,Sales Executive,Sales,3,3,Yes,40,Yes,5,1,0,No
1885.0,1,Research Scientist,Research & Development,2,2,Yes,40,No,5,0,4,No
1931.0,1,Research Scientist,Research & Development,1,3,No,40,No,5,1,2,No
1945.0,1,Sales Executive,Sales,2,2,Yes,40,No,5,0,4,No
1947.0,1,Research Scientist,Research & Development,1,3,Yes,40,No,5,1,4,No
1954.0,1,Healthcare Representative,Research & Development,2,5,No,40,No,5,0,2,No
1969.0,1,Research Scientist,Research & Development,2,6,No,40,No,4,2,3,No
1981.0,1,Healthcare Representative,Research & Development,2,2,Yes,40,No,4,1,2,No
1997.0,1,Manufacturing Director,Research & Development,2,1,No,40,No,8,7,7,No
1998.0,1,Research Scientist,Research & Development,2,3,Yes,40,No,4,1,2,No
1999.0,1,Research Scientist,Research & Development,1,3,Yes,40,No,5,1,0,No
2018.0,1,Sales Executive,Sales,2,3,Yes,40,Yes,5,0,4,No
2044.0,1,Sales Executive,Sales,2,3,Yes,40,No,6,0,1,Yes
2046.0,1,Sales Executive,Sales,2,3,Yes,40,No,5,0,1,No
2052.0,1,Research Scientist,Research & Development,1,5,Yes,40,No,4,1,1,No
2053.0,1,Laboratory Technician,Research & Development,2,2,No,40,No,4,0,3,No
2068.0,1,Laboratory Technician,Research & Development,2,3,Yes,40,No,4,1,2,No
7.0,1,Laboratory Technician,Research & Development,1,3,No,40,No,2,2,2,No
16.0,1,Research Scientist,Research & Development,1,1,Yes,40,No,5,4,3,No
18.0,1,Laboratory Technician,Research & Development,1,2,Yes,40,No,2,1,2,No
19.0,1,Laboratory Technician,Research & Development,1,4,Yes,40,Yes,4,0,3,Yes
21.0,1,Research Scientist,Research & Development,1,5,Yes,40,Yes,6,0,5,No
24.0,1,Research Scientist,Research & Development,1,3,Yes,40,Yes,3,1,2,No
26.0,1,Manufacturing Director,Research & Development,2,5,Yes,40,No,4,1,3,No
31.0,1,Research Scientist,Research & Development,1,2,Yes,40,No,4,1,3,Yes
33.0,1,Research Scientist,Research & Development,1,5,No,40,No,10,6,7,Yes
38.0,1,Manager,Research & Development,5,2,No,40,No,2,2,1,No
40.0,1,Healthcare Representative,Research & Development,2,5,No,40,No,4,1,3,No
47.0,1,Sales Representative,Sales,1,2,Yes,40,No,3,0,2,Yes
49.0,1,Sales Representative,Sales,1,3,Yes,40,No,2,2,2,No
65.0,1,Laboratory Technician,Research & Development,1,3,Yes,40,Yes,2,2,2,Yes
72.0,1,Sales Executive,Sales,2,2,No,40,Yes,2,0,0,No
88.0,1,Research Scientist,Research & Development,1,2,Yes,40,No,3,1,2,No
102.0,1,Research Director,Research & Development,3,3,Yes,40,No,5,0,2,No
103.0,1,Human Resources,Research & Development,2,2,Yes,40,Yes,4,0,2,No
110.0,1,Manufacturing Director,Research & Development,2,2,Yes,40,No,5,1,3,No
116.0,1,Laboratory Technician,Research & Development,1,4,Yes,40,No,4,0,3,No
128.0,1,Sales Executive,Sales,2,2,Yes,40,No,3,0,2,No
132.0,1,Laboratory Technician,Research & Development,2,3,Yes,40,No,3,1,2,No
133.0,1,Human Resources,Research & Development,1,3,Yes,40,No,3,0,2,Yes
143.0,1,Research Scientist,Research & Development,1,2,Yes,40,No,2,2,1,No
171.0,1,Research Scientist,Research & Development,1,2,Yes,40,No,3,1,2,No
175.0,1,Sales Executive,Sales,2,2,Yes,40,Yes,2,2,2,Yes
178.0,1,Manufacturing Director,Research & Development,2,0,No,40,No,3,0,1,No
179.0,1,Manufacturing Director,Research & Development,3,2,No,40,No,4,0,3,Yes
193.0,1,Research Scientist,Research & Development,2,2,No,40,Yes,3,2,2,No
197.0,1,Research Scientist,Research & Development,1,3,Yes,40,No,3,2,2,No
218.0,1,Research Scientist,Research & Development,1,1,Yes,40,No,2,2,2,No
221.0,1,Research Scientist,Research & Development,1,2,Yes,40,No,5,0,2,No
233.0,1,Research Scientist,Research & Development,1,3,Yes,40,No,5,1,1,No
241.0,1,Research Scientist,Research & Development,1,3,Yes,40,No,2,2,2,No
245.0,1,Laboratory Technician,Research & Development,1,3,Yes,40,No,2,2,1,No
246.0,1,Research Scientist,Research & Development,1,0,Yes,40,No,4,0,2,No
247.0,1,Research Scientist,Research & Development,1,3,Yes,40,No,3,1,2,No
249.0,1,Laboratory Technician,Research & Development,1,2,No,40,No,3,0,2,No
250.0,1,Manufacturing Director,Research & Development,2,3,No,40,No,4,1,3,No
269.0,1,Laboratory Technician,Research & Development,2,5,Yes,40,No,6,1,2,No
287.0,1,Healthcare Representative,Research & Development,2,5,Yes,40,No,3,0,2,No
288.0,1,Healthcare Representative,Research & Development,3,3,Yes,40,No,4,0,3,No
297.0,1,Research Scientist,Research & Development,1,5,Yes,40,Yes,5,0,4,Yes
303.0,1,Sales Executive,Sales,2,4,No,40,No,6,0,5,No
305.0,1,Research Scientist,Research & Development,1,3,Yes,40,No,3,1,1,No
316.0,1,Laboratory Technician,Research & Development,1,3,Yes,40,No,2,2,2,No
332.0,1,Laboratory Technician,Research & Development,1,1,No,40,No,3,1,2,No
337.0,1,Research Director,Research & Development,3,3,Yes,40,No,2,2,2,No
338.0,1,Research Scientist,Research & Development,1,2,Yes,40,No,2,0,2,No
341.0,1,Manufacturing Director,Research & Development,2,1,Yes,40,No,3,0,2,No
347.0,1,Research Scientist,Research & Development,2,1,Yes,40,Yes,3,0,2,No
349.0,1,Sales Executive,Sales,2,2,No,40,No,3,0,2,No
350.0,1,Manufacturing Director,Research & Development,2,3,No,40,No,4,1,2,No
362.0,1,Laboratory Technician,Research & Development,2,5,No,40,No,6,0,4,No
379.0,1,Research Scientist,Research & Development,1,4,No,40,No,3,1,0,No
380.0,1,Research Director,Research & Development,3,2,No,40,Yes,5,0,2,No
393.0,1,Healthcare Representative,Research & Development,2,2,No,40,No,2,1,2,No
394.0,1,Laboratory Technician,Research & Development,1,2,No,40,Yes,3,0,2,Yes
396.0,1,Research Director,Research & Development,5,4,Yes,40,Yes,3,1,2,No
403.0,1,Research Scientist,Research & Development,1,3,No,40,No,4,1,2,No
423.0,1,Research Scientist,Research & Development,1,4,Yes,40,No,5,0,3,No
424.0,1,Human Resources,Research & Development,2,1,No,40,No,2,1,0,No
433.0,1,Research Scientist,Research & Development,2,3,No,40,No,8,7,7,Yes
440.0,1,Research Scientist,Research & Development,1,4,Yes,40,Yes,3,2,2,Yes
447.0,1,Research Director,Research & Development,5,2,No,40,No,3,1,1,No
455.0,1,Laboratory Technician,Research & Development,1,2,Yes,40,No,3,2,2,No
460.0,1,Manufacturing Director,Research & Development,2,2,Yes,40,No,6,0,4,No
465.0,1,Research Scientist,Research & Development,1,2,No,40,No,4,0,2,No
470.0,1,Human Resources,Research & Development,1,5,No,40,Yes,3,1,0,No
475.0,1,Sales Executive,Sales,2,2,No,40,No,2,2,2,No
478.0,1,Sales Representative,Sales,1,3,Yes,40,No,3,1,2,Yes
482.0,1,Healthcare Representative,Research & Development,2,2,Yes,40,No,3,1,2,No
495.0,1,Research Scientist,Research & Development,1,4,No,40,No,3,1,2,No
501.0,1,Research Scientist,Research & Development,1,3,Yes,40,No,2,2,2,No
502.0,1,Sales Executive,Sales,2,3,Yes,40,Yes,5,0,4,Yes
507.0,1,Sales Executive,Sales,2,2,Yes,40,Yes,5,0,3,No
517.0,1,Laboratory Technician,Research & Development,1,5,Yes,40,No,5,1,2,No
522.0,1,Research Director,Research & Development,5,4,No,40,No,4,1,2,No
523.0,1,Sales Executive,Sales,2,3,Yes,40,No,3,1,2,No
525.0,1,Laboratory Technician,Research & Development,1,1,Yes,40,No,3,1,2,No
526.0,1,Healthcare Representative,Research & Development,2,3,Yes,40,Yes,5,0,2,No
530.0,1,Laboratory Technician,Research & Development,1,3,No,40,No,4,3,2,No
544.0,1,Research Scientist,Research & Development,1,3,Yes,40,No,2,0,2,No
555.0,1,Sales Representative,Sales,1,3,Yes,40,No,2,1,0,Yes
564.0,1,Research Director,Research & Development,3,2,Yes,40,No,10,0,7,No
580.0,1,Sales Executive,Sales,3,3,No,40,No,3,1,2,No
585.0,1,Sales Representative,Sales,1,3,Yes,40,No,3,1,2,No
591.0,1,Laboratory Technician,Research & Development,1,4,Yes,40,No,2,2,0,No
593.0,1,Laboratory Technician,Research & Development,1,3,Yes,40,No,2,1,2,Yes
611.0,1,Manufacturing Director,Research & Development,2,2,Yes,40,No,3,1,2,No
624.0,1,Healthcare Representative,Research & Development,3,3,Yes,40,No,2,1,2,No
631.0,1,Sales Executive,Sales,2,2,Yes,40,No,4,1,2,Yes
632.0,1,Sales Representative,Sales,1,3,No,40,No,2,2,1,No
652.0,1,Laboratory Technician,Research & Development,2,3,No,40,No,3,0,2,No
659.0,1,Healthcare Representative,Research & Development,2,4,Yes,40,No,10,2,2,No
664.0,1,Manager,Research & Development,4,3,Yes,40,No,3,0,2,No
665.0,1,Human Resources,Research & Development,2,1,Yes,40,No,2,0,2,No
666.0,1,Sales Representative,Sales,1,3,Yes,40,Yes,8,0,6,No
671.0,1,Manager,Research & Development,5,2,Yes,40,No,2,0,1,No
675.0,1,Research Scientist,Research & Development,1,3,Yes,40,No,2,2,2,No
686.0,1,Laboratory Technician,Research & Development,1,2,No,40,Yes,3,0,2,No
699.0,1,Manufacturing Director,Research & Development,2,2,Yes,40,Yes,3,0,2,No
705.0,1,Research Scientist,Research & Development,1,3,No,40,No,3,0,2,No
707.0,1,Sales Executive,Sales,2,4,No,40,No,3,1,2,No
712.0,1,Sales Executive,Sales,2,3,Yes,40,No,2,2,2,No
732.0,1,Sales Executive,Sales,2,1,No,40,No,2,2,2,No
738.0,1,Sales Representative,Sales,1,2,Yes,40,No,2,2,2,No
744.0,1,Laboratory Technician,Research & Development,1,5,No,40,No,5,1,4,No
746.0,1,Sales Executive,Sales,4,2,Yes,40,Yes,22,11,13,No
752.0,1,Research Scientist,Research & Development,1,2,Yes,40,No,2,2,2,Yes
754.0,1,Sales Executive,Sales,2,5,Yes,40,No,2,2,2,No
769.0,1,Laboratory Technician,Research & Development,2,4,No,40,No,2,2,2,No
792.0,1,Laboratory Technician,Research & Development,1,2,Yes,40,No,2,2,0,No
797.0,1,Research Scientist,Research & Development,1,2,No,40,No,4,1,3,No
800.0,1,Sales Executive,Sales,2,3,Yes,40,No,4,1,1,No
806.0,1,Laboratory Technician,Research & Development,1,2,Yes,40,No,2,0,2,No
813.0,1,Laboratory Technician,Research & Development,2,3,Yes,40,No,5,1,4,No
819.0,1,Sales Executive,Sales,2,3,No,40,No,3,0,2,Yes
838.0,1,Research Scientist,Research & Development,1,3,Yes,40,No,5,1,3,No
847.0,1,Human Resources,Research & Development,1,1,No,40,No,3,0,2,No
852.0,1,Healthcare Representative,Research & Development,2,2,Yes,40,No,5,2,3,No
859.0,1,Sales Executive,Sales,2,3,Yes,40,No,5,0,3,No
872.0,1,Manufacturing Director,Research & Development,2,2,No,40,No,2,2,2,No
874.0,1,Laboratory Technician,Research & Development,1,2,No,40,Yes,3,0,2,No
881.0,1,Research Scientist,Research & Development,1,3,Yes,40,No,10,7,8,Yes
885.0,1,Sales Executive,Sales,2,1,No,40,No,5,0,3,No
888.0,1,Laboratory Technician,Research & Development,1,2,No,40,No,5,3,4,No
893.0,1,Sales Representative,Sales,1,3,Yes,40,No,2,1,2,No
896.0,1,Sales Representative,Sales,1,3,No,40,Yes,3,0,2,Yes
902.0,1,Healthcare Representative,Research & Development,2,2,Yes,40,No,5,2,2,No
916.0,1,Sales Executive,Sales,2,3,No,40,No,4,0,2,No
922.0,1,Sales Representative,Sales,1,3,Yes,40,No,2,0,2,Yes
925.0,1,Sales Representative,Sales,1,3,Yes,40,Yes,3,1,2,No
930.0,1,Research Scientist,Research & Development,1,2,Yes,40,No,2,2,2,No
939.0,1,Research Scientist,Research & Development,1,1,No,40,No,3,0,2,No
975.0,1,Sales Executive,Sales,2,3,Yes,40,No,5,1,0,No
991.0,1,Research Scientist,Research & Development,1,0,No,40,Yes,3,1,2,Yes
995.0,1,Research Scientist,Research & Development,1,4,No,40,No,3,0,2,No
1001.0,1,Laboratory Technician,Research & Development,1,2,No,40,No,2,2,2,No
1010.0,1,Laboratory Technician,Research & Development,1,2,No,40,Yes,4,0,2,Yes
1017.0,1,Laboratory Technician,Research & Development,1,3,Yes,40,No,3,1,2,Yes
1022.0,1,Healthcare Representative,Research & Development,2,0,Yes,40,No,2,2,2,No
1027.0,1,Manufacturing Director,Research & Development,2,2,Yes,40,No,3,2,2,No
1028.0,1,Laboratory Technician,Research & Development,1,4,No,40,No,3,1,2,No
1037.0,1,Sales Executive,Sales,2,6,Yes,40,No,2,2,2,Yes
1044.0,1,Sales Representative,Sales,1,2,No,40,No,2,2,2,No
1053.0,1,Research Scientist,Research & Development,1,2,Yes,40,No,3,1,2,Yes
1069.0,1,Research Director,Research & Development,5,0,Yes,40,No,2,2,2,No
1077.0,1,Sales Representative,Sales,1,3,Yes,40,Yes,2,0,2,Yes
1084.0,1,Manufacturing Director,Research & Development,2,1,No,40,No,6,0,2,No
1094.0,1,Laboratory Technician,Research & Development,1,4,No,40,No,3,1,2,No
1096.0,1,Manufacturing Director,Research & Development,3,4,Yes,40,No,3,1,2,No
1099.0,1,Healthcare Representative,Research & Development,3,2,Yes,40,No,3,1,2,No
1102.0,1,Laboratory Technician,Research & Development,1,5,Yes,40,No,4,2,2,No
1103.0,1,Healthcare Representative,Research & Development,2,1,Yes,40,No,6,0,4,No
1108.0,1,Research Scientist,Research & Development,1,0,No,40,Yes,2,2,2,Yes
1114.0,1,Sales Executive,Sales,2,3,No,40,No,3,0,2,No
1131.0,1,Research Scientist,Research & Development,1,6,Yes,40,Yes,2,2,2,No
1135.0,1,Sales Representative,Sales,1,4,Yes,40,No,2,2,2,No
1140.0,1,Manufacturing Director,Research & Development,2,3,Yes,40,No,3,0,2,No
1157.0,1,Sales Executive,Sales,2,3,No,40,No,5,0,3,Yes
1160.0,1,Laboratory Technician,Research & Development,1,5,Yes,40,No,2,2,2,Yes
1161.0,1,Healthcare Representative,Research & Development,2,2,Yes,40,No,6,1,3,No
1162.0,1,Research Scientist,Research & Development,1,0,Yes,40,No,4,2,2,No
1185.0,1,Laboratory Technician,Research & Development,1,2,Yes,40,No,2,2,2,No
1195.0,1,Research Scientist,Research & Development,1,2,Yes,40,Yes,3,0,2,No
1217.0,1,Research Director,Research & Development,5,2,Yes,40,No,4,0,3,No
1234.0,1,Laboratory Technician,Research & Development,1,2,Yes,40,No,2,2,2,No
1286.0,1,Laboratory Technician,Research & Development,1,2,No,40,Yes,4,0,2,No
1291.0,1,Research Scientist,Research & Development,1,3,No,40,Yes,3,2,2,No
1301.0,1,Research Scientist,Research & Development,1,2,No,40,No,3,1,2,No
1303.0,1,Research Scientist,Research & Development,1,3,No,40,No,2,2,1,No
1308.0,1,Research Scientist,Research & Development,1,3,Yes,40,No,2,2,2,No
1311.0,1,Laboratory Technician,Research & Development,2,6,Yes,40,No,9,6,7,No
1317.0,1,Research Director,Research & Development,4,2,Yes,40,No,3,1,2,No
1329.0,1,Sales Executive,Sales,2,4,Yes,40,No,19,11,9,No
1331.0,1,Sales Representative,Sales,1,2,No,40,Yes,3,2,2,Yes
1333.0,1,Laboratory Technician,Research & Development,1,4,Yes,40,No,3,1,2,Yes
1358.0,1,Laboratory Technician,Research & Development,1,6,No,40,No,3,1,2,No
1361.0,1,Laboratory Technician,Research & Development,1,3,Yes,40,No,4,0,3,No
1371.0,1,Sales Executive,Sales,2,3,No,40,No,6,0,0,No
1380.0,1,Sales Executive,Sales,2,0,Yes,40,No,4,3,2,Yes
1389.0,1,Manufacturing Director,Research & Development,2,3,Yes,40,No,10,6,7,Yes
1392.0,1,Research Scientist,Research & Development,2,4,No,40,No,6,3,3,No
1396.0,1,Sales Executive,Sales,2,3,Yes,40,Yes,3,1,2,No
1403.0,1,Sales Executive,Sales,2,3,Yes,40,Yes,6,4,4,No
1405.0,1,Research Scientist,Research & Development,1,2,Yes,40,Yes,8,7,7,Yes
1411.0,1,Laboratory Technician,Research & Development,1,6,Yes,40,No,3,0,2,No
1412.0,1,Manufacturing Director,Research & Development,3,2,Yes,40,No,2,2,2,No
1415.0,1,Laboratory Technician,Research & Development,1,2,Yes,40,No,3,0,2,No
1428.0,1,Sales Executive,Sales,2,3,Yes,40,No,3,0,2,No
1436.0,1,Sales Executive,Sales,2,3,No,40,No,3,0,2,No
1439.0,1,Sales Representative,Sales,1,2,Yes,40,No,3,2,2,Yes
1441.0,1,Research Scientist,Research & Development,1,3,Yes,40,No,3,1,0,No
1448.0,1,Research Scientist,Research & Development,1,5,Yes,40,No,4,0,3,No
1464.0,1,Laboratory Technician,Research & Development,1,2,Yes,40,No,2,2,2,Yes
1466.0,1,Sales Executive,Sales,2,3,No,40,No,2,2,2,No
1467.0,1,Human Resources,Research & Development,1,0,No,40,No,2,2,2,Yes
1471.0,1,Laboratory Technician,Research & Development,1,5,No,40,No,5,0,3,No
1473.0,1,Healthcare Representative,Research & Development,2,0,Yes,40,No,3,1,2,No
1475.0,1,Research Scientist,Research & Development,1,3,No,40,No,5,1,3,No
1486.0,1,Sales Representative,Sales,1,3,No,40,No,3,1,2,Yes
1507.0,1,Sales Executive,Sales,2,5,Yes,40,No,4,1,3,No
1509.0,1,Laboratory Technician,Research & Development,2,3,Yes,40,No,3,1,2,No
1513.0,1,Laboratory Technician,Research & Development,1,3,No,40,No,3,0,2,No
1516.0,1,Manager,Research & Development,3,5,Yes,40,No,5,0,0,No
1537.0,1,Research Scientist,Research & Development,1,2,Yes,40,No,7,7,7,Yes
1552.0,1,Healthcare Representative,Research & Development,2,2,No,40,No,2,2,2,No
1560.0,1,Sales Executive,Sales,2,6,No,40,No,2,2,2,No
1568.0,1,Sales Executive,Sales,3,3,Yes,40,No,4,1,3,No
1573.0,1,Manufacturing Director,Research & Development,2,2,No,40,No,5,1,4,Yes
1576.0,1,Research Scientist,Research & Development,1,3,Yes,40,No,8,7,6,No
1580.0,1,Research Scientist,Research & Development,2,3,Yes,40,No,2,2,1,No
1583.0,1,Sales Executive,Sales,2,5,No,40,No,3,1,2,No
1587.0,1,Healthcare Representative,Research & Development,2,4,Yes,40,Yes,5,0,4,No
1592.0,1,Research Scientist,Research & Development,1,2,Yes,40,No,2,2,2,No
1594.0,1,Laboratory Technician,Research & Development,2,3,No,40,Yes,3,0,2,No
1597.0,1,Healthcare Representative,Research & Development,2,3,No,40,No,8,7,7,No
1607.0,1,Research Scientist,Research & Development,1,3,Yes,40,No,3,0,2,No
1623.0,1,Research Scientist,Research & Development,1,2,No,40,No,2,2,2,No
1641.0,1,Manufacturing Director,Research & Development,3,2,Yes,40,No,4,3,3,No
1644.0,1,Manager,Research & Development,4,3,Yes,40,No,2,2,2,No
1645.0,1,Sales Executive,Sales,2,2,No,40,Yes,2,2,2,Yes
1647.0,1,Research Scientist,Research & Development,1,0,No,40,No,3,0,2,No
1648.0,1,Research Scientist,Research & Development,1,0,Yes,40,No,4,1,2,No
1651.0,1,Healthcare Representative,Research & Development,3,6,Yes,40,No,3,0,2,No
1655.0,1,Research Director,Research & Development,4,2,Yes,40,No,4,1,2,No
1657.0,1,Sales Representative,Sales,1,3,Yes,40,No,2,2,2,No
1662.0,1,Manufacturing Director,Research & Development,2,6,Yes,40,No,3,1,2,No
1670.0,1,Sales Executive,Sales,2,5,Yes,40,No,6,0,4,No
1674.0,1,Laboratory Technician,Research & Development,1,2,Yes,40,No,2,2,2,No
1682.0,1,Healthcare Representative,Research & Development,2,2,No,40,No,3,0,2,No
1683.0,1,Human Resources,Research & Development,1,2,No,40,Yes,2,2,2,No
1694.0,1,Research Scientist,Research & Development,1,1,Yes,40,No,4,1,2,No
1702.0,1,Sales Representative,Sales,1,2,No,40,Yes,3,0,2,Yes
1721.0,1,Laboratory Technician,Research & Development,1,2,No,40,No,5,0,3,No
1722.0,1,Human Resources,Research & Development,2,4,No,40,No,3,1,2,No
1733.0,1,Sales Executive,Sales,2,3,Yes,40,Yes,2,2,2,Yes
1735.0,1,Laboratory Technician,Research & Development,1,3,No,40,No,3,1,2,No
1746.0,1,Human Resources,Research & Development,1,2,No,40,No,2,2,1,No
1751.0,1,Research Scientist,Research & Development,1,5,No,40,No,6,1,4,No
1753.0,1,Healthcare Representative,Research & Development,2,5,No,40,Yes,3,0,2,No
1787.0,1,Sales Executive,Sales,2,2,No,40,No,5,0,3,No
1801.0,1,Sales Executive,Sales,2,3,No,40,No,2,2,2,No
1813.0,1,Research Scientist,Research & Development,1,2,Yes,40,No,3,1,2,No
1814.0,1,Healthcare Representative,Research & Development,2,3,No,40,No,3,1,2,No
1833.0,1,Sales Executive,Sales,3,3,No,40,No,3,2,2,No
1834.0,1,Research Scientist,Research & Development,1,3,No,40,No,3,1,2,No
1835.0,1,Sales Representative,Sales,2,4,Yes,40,Yes,4,0,3,No
1837.0,1,Research Director,Research & Development,4,3,Yes,40,No,2,2,2,No
1844.0,1,Human Resources,Research & Development,1,3,No,40,No,2,2,0,Yes
1856.0,1,Laboratory Technician,Research & Development,1,2,No,40,No,2,2,0,No
1858.0,1,Human Resources,Research & Development,1,2,Yes,40,No,3,2,2,No
1873.0,1,Research Scientist,Research & Development,1,2,No,40,No,5,0,4,No
1883.0,1,Laboratory Technician,Research & Development,1,2,Yes,40,No,3,1,2,No
1886.0,1,Manufacturing Director,Research & Development,2,2,No,40,No,3,0,2,No
1905.0,1,Research Scientist,Research & Development,1,2,Yes,40,No,5,3,0,Yes
1907.0,1,Laboratory Technician,Research & Development,1,3,Yes,40,No,4,1,0,Yes
1908.0,1,Sales Executive,Sales,2,1,Yes,40,No,4,1,3,No
1922.0,1,Healthcare Representative,Research & Development,2,3,Yes,40,No,4,0,3,No
1929.0,1,Sales Executive,Sales,2,1,No,40,No,3,1,2,No
1948.0,1,Research Scientist,Research & Development,1,3,Yes,40,No,4,2,3,No
1972.0,1,Human Resources,Research & Development,1,2,No,40,Yes,6,1,2,No
1980.0,1,Manufacturing Director,Research & Development,2,3,No,40,Yes,5,1,4,No
1982.0,1,Laboratory Technician,Research & Development,1,6,Yes,40,No,5,1,4,No
1992.0,1,Laboratory Technician,Research & Development,1,2,Yes,40,No,2,0,2,No
1996.0,1,Sales Representative,Sales,1,1,Yes,40,No,2,1,2,No
2003.0,1,Laboratory Technician,Research & Development,1,3,Yes,40,Yes,2,2,2,No
2007.0,1,Research Scientist,Research & Development,1,2,Yes,40,No,3,1,2,No
2010.0,1,Laboratory Technician,Research & Development,1,3,No,40,No,6,4,1,No
2027.0,1,Research Scientist,Research & Development,1,3,Yes,40,No,2,2,2,Yes
2038.0,1,Research Scientist,Research & Development,1,4,Yes,40,No,4,1,2,No
2048.0,1,Research Scientist,Research & Development,1,2,Yes,40,No,2,2,2,No
2055.0,1,Sales Executive,Sales,3,3,Yes,40,No,3,2,0,Yes
2060.0,1,Sales Representative,Sales,1,2,Yes,40,No,4,0,0,No
2061.0,1,Laboratory Technician,Research & Development,2,3,No,40,No,5,0,3,No
2064.0,1,Manufacturing Director,Research & Development,2,0,No,40,Yes,6,0,3,No
39.0,1,Laboratory Technician,Research & Development,1,3,No,40,No,1,0,0,No
51.0,1,Research Scientist,Research & Development,1,3,Yes,40,Yes,1,0,0,No
95.0,1,Research Scientist,Research & Development,1,4,Yes,40,No,1,1,0,No
169.0,1,Laboratory Technician,Research & Development,1,2,Yes,40,No,2,2,1,No
224.0,1,Research Scientist,Research & Development,1,2,Yes,40,No,1,0,1,No
242.0,1,Research Scientist,Research & Development,1,2,Yes,40,No,3,0,2,No
286.0,1,Laboratory Technician,Research & Development,1,2,Yes,40,No,8,1,7,No
340.0,1,Research Scientist,Research & Development,1,2,Yes,40,No,3,0,2,No
431.0,1,Healthcare Representative,Research & Development,4,2,Yes,40,Yes,7,0,7,No
496.0,1,Healthcare Representative,Research & Development,2,5,Yes,40,No,1,0,0,No
511.0,1,Research Scientist,Research & Development,1,1,No,40,No,2,1,2,No
612.0,1,Research Director,Research & Development,4,2,No,40,No,6,0,5,No
650.0,1,Sales Executive,Sales,2,2,No,40,No,3,1,2,Yes
684.0,1,Sales Executive,Sales,2,4,Yes,40,No,1,0,0,Yes
730.0,1,Research Director,Research & Development,4,3,Yes,40,No,5,1,3,No
757.0,1,Healthcare Representative,Research & Development,2,2,Yes,40,No,5,4,3,No
869.0,1,Human Resources,Research & Development,1,6,Yes,40,No,5,0,4,No
875.0,1,Research Scientist,Research & Development,1,2,Yes,40,No,2,2,2,No
964.0,1,Research Scientist,Research & Development,1,2,Yes,40,Yes,1,0,0,No
970.0,1,Sales Executive,Sales,3,2,Yes,40,No,14,11,7,Yes
1006.0,1,Research Scientist,Research & Development,1,0,No,40,No,2,0,2,No
1055.0,1,Sales Representative,Sales,1,2,No,40,Yes,1,0,0,No
1061.0,1,Research Director,Research & Development,5,2,No,40,No,8,7,7,No
1107.0,1,Laboratory Technician,Research & Development,1,0,No,40,No,1,0,0,Yes
1180.0,1,Research Scientist,Research & Development,2,3,Yes,40,Yes,1,0,0,No
1193.0,1,Research Scientist,Research & Development,1,4,No,40,No,1,0,0,No
1226.0,1,Sales Representative,Sales,1,2,Yes,40,No,2,2,2,No
1254.0,1,Sales Executive,Sales,2,2,No,40,No,6,0,5,No
1321.0,1,Manager,Research & Development,3,2,No,40,Yes,9,0,8,No
1465.0,1,Manufacturing Director,Research & Development,3,4,Yes,40,Yes,3,1,2,No
1479.0,1,Sales Executive,Sales,2,2,No,40,No,2,2,2,No
1551.0,1,Laboratory Technician,Research & Development,1,3,No,40,No,1,0,0,No
1555.0,1,Research Scientist,Research & Development,2,2,Yes,40,No,7,2,5,No
1604.0,1,Laboratory Technician,Research & Development,1,3,No,40,No,1,0,0,Yes
1757.0,1,Sales Executive,Sales,2,1,Yes,40,No,5,0,4,No
1760.0,1,Laboratory Technician,Research & Development,1,4,No,40,No,6,0,5,No
1789.0,1,Research Director,Research & Development,5,3,Yes,40,No,2,2,2,No
1807.0,1,Laboratory Technician,Research & Development,2,3,No,40,No,7,0,7,Yes
1812.0,1,Sales Executive,Sales,2,6,No,40,No,2,2,2,No
1818.0,1,Human Resources,Research & Development,1,3,Yes,40,Yes,5,1,4,Yes
1830.0,1,Research Scientist,Research & Development,2,2,No,40,No,7,1,7,No
1890.0,1,Human Resources,Research & Development,2,2,Yes,40,No,10,0,8,No
1939.0,1,Research Scientist,Research & Development,1,2,No,40,Yes,4,0,3,Yes
1994.0,1,Laboratory Technician,Research & Development,1,2,No,40,No,1,0,0,No
4.0,1,Laboratory Technician,Research & Development,1,3,Yes,40,Yes,0,0,0,Yes
10.0,1,Laboratory Technician,Research & Development,1,3,Yes,40,No,1,0,0,No
30.0,1,Research Scientist,Research & Development,1,6,Yes,40,No,0,0,0,No
41.0,1,Laboratory Technician,Research & Development,1,5,No,40,No,10,1,8,No
42.0,1,Sales Representative,Sales,2,6,Yes,40,No,1,0,0,Yes
53.0,1,Laboratory Technician,Research & Development,1,3,Yes,40,No,1,0,0,No
54.0,1,Laboratory Technician,Research & Development,1,6,No,40,No,1,0,0,No
55.0,1,Laboratory Technician,Research & Development,1,2,No,40,No,1,0,1,Yes
64.0,1,Laboratory Technician,Research & Development,3,2,No,40,No,1,0,0,Yes
70.0,1,Healthcare Representative,Research & Development,3,3,Yes,40,Yes,4,2,3,No
84.0,1,Manager,Research & Development,4,2,Yes,40,Yes,5,0,2,No
97.0,1,Laboratory Technician,Research & Development,1,3,Yes,40,No,1,0,0,No
106.0,1,Sales Executive,Sales,3,4,Yes,40,No,1,1,0,No
113.0,1,Sales Representative,Sales,1,3,No,40,No,0,0,0,No
137.0,1,Laboratory Technician,Research & Development,1,5,No,40,Yes,1,1,0,Yes
139.0,1,Healthcare Representative,Research & Development,2,2,No,40,No,1,0,0,No
144.0,1,Laboratory Technician,Research & Development,1,5,No,40,No,0,0,0,No
155.0,1,Laboratory Technician,Research & Development,1,2,No,40,No,1,0,0,No
167.0,1,Sales Representative,Sales,1,2,Yes,40,Yes,0,0,0,Yes
200.0,1,Laboratory Technician,Research & Development,1,2,Yes,40,No,5,1,4,No
201.0,1,Laboratory Technician,Research & Development,1,3,No,40,No,1,0,0,No
211.0,1,Manufacturing Director,Research & Development,2,2,Yes,40,No,1,0,0,No
214.0,1,Research Scientist,Research & Development,1,3,No,40,Yes,1,0,0,No
243.0,1,Laboratory Technician,Research & Development,1,3,Yes,40,No,1,1,0,Yes
271.0,1,Manufacturing Director,Research & Development,2,3,No,40,No,1,0,0,No
282.0,1,Healthcare Representative,Research & Development,2,2,No,40,Yes,1,0,0,Yes
309.0,1,Research Scientist,Research & Development,1,6,Yes,40,No,1,0,0,No
323.0,1,Manager,Research & Development,5,3,No,40,No,7,0,6,No
334.0,1,Research Scientist,Research & Development,2,2,Yes,40,No,1,0,0,No
342.0,1,Manufacturing Director,Research & Development,3,5,Yes,40,No,1,0,0,Yes
364.0,1,Laboratory Technician,Research & Development,1,5,No,40,No,0,0,0,Yes
367.0,1,Healthcare Representative,Research & Development,2,2,Yes,40,No,9,7,8,No
392.0,1,Laboratory Technician,Research & Development,1,0,Yes,40,Yes,1,0,0,Yes
397.0,1,Research Scientist,Research & Development,2,2,Yes,40,No,8,7,7,No
407.0,1,Laboratory Technician,Research & Development,1,2,Yes,40,No,1,0,0,No
445.0,1,Sales Executive,Sales,2,3,Yes,40,Yes,1,0,0,Yes
468.0,1,Research Director,Research & Development,4,2,No,40,No,1,0,0,No
471.0,1,Laboratory Technician,Research & Development,1,4,Yes,40,No,8,0,7,No
473.0,1,Manager,Research & Development,3,3,Yes,40,No,0,0,0,No
477.0,1,Healthcare Representative,Research & Development,2,6,No,40,No,1,0,0,No
479.0,1,Sales Executive,Sales,2,6,Yes,40,No,1,0,0,No
485.0,1,Sales Representative,Sales,1,2,No,40,No,1,0,0,Yes
487.0,1,Manufacturing Director,Research & Development,2,2,Yes,40,No,1,0,0,No
494.0,1,Sales Representative,Sales,1,0,No,40,No,1,0,0,Yes
508.0,1,Sales Representative,Sales,1,3,Yes,40,No,1,0,0,No
514.0,1,Research Scientist,Research & Development,1,4,No,40,Yes,1,0,0,Yes
518.0,1,Manufacturing Director,Research & Development,2,2,Yes,40,No,1,0,1,No
556.0,1,Laboratory Technician,Research & Development,1,3,No,40,Yes,1,0,0,No
566.0,1,Human Resources,Research & Development,1,3,Yes,40,No,1,0,0,Yes
568.0,1,Manager,Research & Development,4,3,Yes,40,No,1,0,0,No
614.0,1,Sales Representative,Sales,1,3,No,40,Yes,0,0,0,Yes
615.0,1,Sales Executive,Sales,3,2,Yes,40,No,1,0,1,No
622.0,1,Laboratory Technician,Research & Development,1,3,Yes,40,Yes,1,0,0,Yes
643.0,1,Laboratory Technician,Research & Development,1,2,Yes,40,No,1,0,0,No
648.0,1,Sales Representative,Sales,1,2,Yes,40,No,1,0,0,Yes
656.0,1,Sales Executive,Sales,2,3,No,40,No,3,1,0,No
657.0,1,Research Scientist,Research & Development,1,0,Yes,40,No,1,0,0,No
661.0,1,Research Director,Research & Development,4,3,No,40,No,1,0,0,No
662.0,1,Research Scientist,Research & Development,1,3,Yes,40,No,0,0,0,No
690.0,1,Sales Executive,Sales,2,5,No,40,No,6,1,2,No
701.0,1,Research Scientist,Research & Development,1,5,Yes,40,No,1,1,1,Yes
704.0,1,Laboratory Technician,Research & Development,1,3,No,40,No,1,0,0,No
715.0,1,Research Scientist,Research & Development,1,2,Yes,40,No,1,0,0,No
743.0,1,Manufacturing Director,Research & Development,3,4,Yes,40,Yes,1,0,0,No
749.0,1,Sales Representative,Sales,1,6,No,40,No,1,0,0,No
773.0,1,Research Scientist,Research & Development,1,0,Yes,40,Yes,1,0,1,No
775.0,1,Manufacturing Director,Research & Development,2,3,Yes,40,No,0,0,0,No
811.0,1,Laboratory Technician,Research & Development,1,2,No,40,Yes,0,0,0,Yes
812.0,1,Laboratory Technician,Research & Development,1,4,No,40,No,1,0,0,No
816.0,1,Laboratory Technician,Research & Development,1,1,Yes,40,No,1,0,0,Yes
832.0,1,Laboratory Technician,Research & Development,2,6,Yes,40,No,1,0,0,No
833.0,1,Manufacturing Director,Research & Development,2,4,Yes,40,No,0,0,0,No
834.0,1,Research Scientist,Research & Development,1,3,Yes,40,No,1,0,0,No
897.0,1,Sales Executive,Sales,4,3,Yes,40,No,2,2,2,No
904.0,1,Sales Executive,Sales,3,2,No,40,Yes,10,0,9,No
911.0,1,Laboratory Technician,Research & Development,1,2,Yes,40,No,1,0,1,Yes
918.0,1,Laboratory Technician,Research & Development,1,3,Yes,40,No,1,0,0,Yes
923.0,1,Research Scientist,Research & Development,1,3,No,40,No,1,0,0,Yes
934.0,1,Laboratory Technician,Research & Development,1,3,Yes,40,No,1,1,0,No
940.0,1,Healthcare Representative,Research & Development,3,3,No,40,No,6,0,4,No
945.0,1,Research Scientist,Research & Development,1,2,No,40,No,0,0,0,No
951.0,1,Laboratory Technician,Research & Development,1,3,Yes,40,No,3,0,2,No
952.0,1,Sales Representative,Sales,1,2,No,40,Yes,1,0,0,Yes
954.0,1,Sales Executive,Sales,3,2,Yes,40,No,1,0,0,No
959.0,1,Sales Representative,Sales,1,3,No,40,Yes,1,0,0,Yes
986.0,1,Sales Executive,Sales,4,2,Yes,40,No,1,0,0,Yes
994.0,1,Research Scientist,Research & Development,1,5,Yes,40,Yes,0,0,0,Yes
1003.0,1,Sales Executive,Sales,2,0,No,40,Yes,9,0,7,No
1012.0,1,Research Scientist,Research & Development,1,2,Yes,40,No,0,0,0,No
1029.0,1,Manager,Research & Development,5,3,Yes,40,No,1,0,0,No
1033.0,1,Healthcare Representative,Research & Development,2,2,Yes,40,No,1,0,0,Yes
1052.0,1,Laboratory Technician,Research & Development,2,3,Yes,40,No,1,0,0,Yes
1056.0,1,Sales Representative,Sales,1,5,Yes,40,No,1,0,0,No
1076.0,1,Sales Executive,Sales,3,5,Yes,40,No,1,0,0,No
1079.0,1,Laboratory Technician,Research & Development,1,6,Yes,40,No,1,1,0,Yes
1081.0,1,Research Scientist,Research & Development,1,2,No,40,No,10,2,7,Yes
1105.0,1,Sales Executive,Sales,2,5,No,40,Yes,1,0,0,No
1111.0,1,Laboratory Technician,Research & Development,1,2,No,40,No,1,0,0,Yes
1113.0,1,Sales Executive,Sales,2,4,Yes,40,Yes,0,0,0,Yes
1115.0,1,Research Scientist,Research & Development,1,2,Yes,40,No,0,0,0,No
1125.0,1,Sales Executive,Sales,3,2,Yes,40,No,1,0,0,No
1156.0,1,Laboratory Technician,Research & Development,1,0,Yes,40,No,0,0,0,Yes
1158.0,1,Laboratory Technician,Research & Development,1,4,No,40,Yes,1,0,0,No
1172.0,1,Laboratory Technician,Research & Development,1,2,Yes,40,No,8,1,7,No
1190.0,1,Sales Representative,Sales,1,3,Yes,40,No,1,0,0,No
1206.0,1,Research Scientist,Research & Development,1,3,Yes,40,No,0,0,0,No
1210.0,1,Research Scientist,Research & Development,1,2,Yes,40,No,1,0,0,Yes
1242.0,1,Research Director,Research & Development,3,6,No,40,Yes,1,0,0,No
1256.0,1,Manager,Research & Development,5,2,Yes,40,No,1,0,0,No
1258.0,1,Laboratory Technician,Research & Development,1,4,Yes,40,No,1,0,0,No
1260.0,1,Healthcare Representative,Research & Development,2,2,Yes,40,No,6,1,0,No
1263.0,1,Research Director,Research & Development,5,3,Yes,40,No,1,0,0,No
1269.0,1,Research Scientist,Research & Development,1,2,Yes,40,No,1,0,1,No
1270.0,1,Research Scientist,Research & Development,1,2,No,40,No,1,0,1,No
1273.0,1,Sales Representative,Sales,1,4,Yes,40,Yes,1,1,0,Yes
1306.0,1,Manager,Research & Development,5,4,No,40,No,0,0,0,No
1364.0,1,Sales Representative,Sales,1,4,Yes,40,No,1,0,0,No
1368.0,1,Laboratory Technician,Research & Development,1,5,No,40,No,0,0,0,No
1379.0,1,Sales Representative,Sales,1,3,Yes,40,No,1,0,0,Yes
1427.0,1,Sales Representative,Sales,1,3,No,40,No,1,0,0,Yes
1433.0,1,Research Scientist,Research & Development,1,3,No,40,No,1,0,0,Yes
1434.0,1,Laboratory Technician,Research & Development,1,3,No,40,No,5,1,4,No
1458.0,1,Laboratory Technician,Research & Development,1,2,Yes,40,Yes,1,0,0,Yes
1481.0,1,Sales Executive,Sales,2,4,No,40,No,1,0,0,No
1482.0,1,Research Scientist,Research & Development,1,2,No,40,No,1,0,0,No
1494.0,1,Laboratory Technician,Research & Development,1,2,No,40,No,0,0,0,Yes
1504.0,1,Laboratory Technician,Research & Development,1,2,Yes,40,No,0,0,0,Yes
1515.0,1,Healthcare Representative,Research & Development,2,6,Yes,40,No,0,0,0,No
1525.0,1,Manufacturing Director,Research & Development,3,3,No,40,No,2,2,2,No
1542.0,1,Laboratory Technician,Research & Development,1,3,Yes,40,No,1,0,0,No
1558.0,1,Research Scientist,Research & Development,1,2,No,40,No,1,0,0,No
1564.0,1,Laboratory Technician,Research & Development,1,3,No,40,No,3,1,2,No
1577.0,1,Research Scientist,Research & Development,1,4,No,40,No,1,0,0,No
1581.0,1,Research Scientist,Research & Development,1,5,Yes,40,No,1,0,0,No
1591.0,1,Manager,Research & Development,5,2,No,40,Yes,1,0,0,No
1601.0,1,Laboratory Technician,Research & Development,1,5,No,40,No,1,0,1,No
1602.0,1,Manager,Research & Development,4,5,No,40,No,26,0,12,No
1624.0,1,Sales Representative,Sales,1,2,Yes,40,Yes,0,0,0,Yes
1669.0,1,Sales Executive,Sales,2,3,Yes,40,Yes,10,0,9,No
1673.0,1,Sales Executive,Sales,2,2,Yes,40,No,10,0,2,No
1678.0,1,Sales Executive,Sales,3,2,Yes,40,No,2,0,2,No
1697.0,1,Healthcare Representative,Research & Development,3,2,No,40,No,1,0,0,No
1714.0,1,Human Resources,Research & Development,1,2,Yes,40,No,1,0,0,Yes
1724.0,1,Manufacturing Director,Research & Development,2,3,Yes,40,Yes,1,0,0,No
1731.0,1,Sales Executive,Sales,2,3,Yes,40,No,1,0,0,No
1744.0,1,Human Resources,Research & Development,3,2,Yes,40,No,5,0,3,No
1755.0,1,Research Scientist,Research & Development,1,3,No,40,Yes,5,1,2,No
1758.0,1,Sales Executive,Sales,3,2,Yes,40,Yes,0,0,0,Yes
1761.0,1,Sales Executive,Sales,3,2,Yes,40,No,1,0,0,Yes
1763.0,1,Healthcare Representative,Research & Development,2,3,No,40,No,7,1,7,No
1766.0,1,Healthcare Representative,Research & Development,2,2,Yes,40,No,1,1,0,No
1783.0,1,Laboratory Technician,Research & Development,1,6,Yes,40,Yes,1,0,0,Yes
1839.0,1,Research Scientist,Research & Development,1,4,Yes,40,No,0,0,0,No
1842.0,1,Human Resources,Research & Development,1,4,Yes,40,No,1,0,0,Yes
1847.0,1,Research Scientist,Research & Development,2,2,Yes,40,Yes,1,0,0,No
1853.0,1,Sales Executive,Sales,2,2,Yes,40,No,0,0,0,No
1860.0,1,Laboratory Technician,Research & Development,1,3,Yes,40,No,0,0,0,No
1865.0,1,Human Resources,Research & Development,1,3,Yes,40,No,1,0,0,No
1875.0,1,Sales Representative,Sales,1,3,Yes,40,No,1,0,0,No
1876.0,1,Sales Representative,Sales,1,3,No,40,No,1,0,0,Yes
1893.0,1,Research Scientist,Research & Development,1,3,No,40,Yes,1,1,0,No
1903.0,1,Healthcare Representative,Research & Development,2,5,Yes,40,No,2,2,2,No
1928.0,1,Sales Representative,Sales,1,3,Yes,40,No,1,0,0,Yes
1933.0,1,Sales Executive,Sales,2,0,Yes,40,Yes,2,2,2,Yes
1935.0,1,Sales Executive,Sales,2,3,Yes,40,No,0,0,0,No
1936.0,1,Manufacturing Director,Research & Development,2,3,Yes,40,No,10,7,9,No
1938.0,1,Manager,Research & Development,4,2,Yes,40,Yes,1,0,0,No
1943.0,1,Sales Executive,Sales,2,4,No,40,No,0,0,0,No
1944.0,1,Human Resources,Research & Development,1,2,No,40,No,1,0,0,Yes
1961.0,1,Sales Representative,Sales,1,3,Yes,40,No,1,0,0,No
1966.0,1,Manufacturing Director,Research & Development,2,1,Yes,40,No,1,0,0,No
1974.0,1,Laboratory Technician,Research & Development,1,4,Yes,40,No,1,0,0,No
2012.0,1,Laboratory Technician,Research & Development,1,3,Yes,40,No,1,0,0,No
2023.0,1,Sales Representative,Sales,1,3,No,40,No,1,1,0,Yes
2040.0,1,Human Resources,Research & Development,3,2,No,40,Yes,9,1,7,No
